"file","symbol","address","size_hex","lines","sha256","review_status"
"reference/funcs/accumDiffTimes_vsdlss.c","accumDiffTimes_vsdlss","009d7950","16","16","55182013E08DC7DD5539AF21E8CE0EE7D36B0AF4529488896223CC6440009879","not_individually_verified"
"reference/funcs/AChunkFileExists_vsdlss.c","AChunkFileExists_vsdlss","009e2b60","48","26","F224F8372F81A348DF57693E7B01C56C2ACB01B3ADA1348B77328B1F5981AD78","not_individually_verified"
"reference/funcs/addAlign_vsdlss.c","addAlign_vsdlss","00a191e0","14","14","F4CA104720A94AD0640DC40E5E64515963F33F04B41FC7C7AFFA94290CD94935","not_individually_verified"
"reference/funcs/addIVectors_vsdlss.c","addIVectors_vsdlss","009d7ce0","27","23","07EDD51652BBF6903362310A6FA82E96B9BC722AAE24D2F85085E682E2D62DD7","not_individually_verified"
"reference/funcs/addTimes_vsdlss.c","addTimes_vsdlss","009d7970","16","16","EB8EEB2B1077CC65EAC147266604D439BBB2C3CD6A896CEA24D1F6994AA4C649","not_individually_verified"
"reference/funcs/addToDestVecs_vsdlss.c","addToDestVecs_vsdlss","009ec430","c0","64","9E5B00C36477EFA3EEACAF030AE53553AC30602E6D511D353B071354EE9027DC","not_individually_verified"
"reference/funcs/addToDestVecsByCols_vsdlss.c","addToDestVecsByCols_vsdlss","009ec360","ca","63","029F77CA2B32296218A280FFE26A826F45358022223A62B71FB6EDDE50CD33BF","not_individually_verified"
"reference/funcs/addVectors_vsdlss.c","addVectors_vsdlss","009d7cb0","2a","24","10DA8294EE016174E9D037AD2B4598527765424B0AB67BC0EBB9462F1EC80A05","not_individually_verified"
"reference/funcs/adjustForIsolatedVars_vsdlss.c","adjustForIsolatedVars_vsdlss","009dced0","43","33","8EF332A347F3B29EF8647E17EE93AA9151516C732E41A6310EC8F915AA283DF8","not_individually_verified"
"reference/funcs/allocatePfResAndRhsVecs_vsdlss.c","allocatePfResAndRhsVecs_vsdlss","00a10220","70","27","8D3B66B5B034C4C907E0E1AF68D01235619778BA900C715B1A920E8F2EE8241F","not_individually_verified"
"reference/funcs/allocInitValVecsFCLessMem_vsdlss.c","allocInitValVecsFCLessMem_vsdlss","00a16d60","4c4","190","1FDCA1EFD52A2AF40CE2B82359343AD77C9C720CA2EB94D26AAA2837CC0E00DA","not_individually_verified"
"reference/funcs/allocLongValVecsFactorOneChunk_vsdlss.c","allocLongValVecsFactorOneChunk_vsdlss","00a15f00","1e0","101","3B495F4F38E7D482B9D1B351B79766F106595631F2CEE396ABA5F18E05703963","not_individually_verified"
"reference/funcs/allocValueVecsFactorOneChunk_vsdlss.c","allocValueVecsFactorOneChunk_vsdlss","00a15e00","100","71","371FBFF6594840C906C626354B8167761532204F30D53184186407212A386146","not_individually_verified"
"reference/funcs/anilFree_vsdlss.c","anilFree_vsdlss","009d2020","5","79","B9784BDC9F9C12C7835B78BCD8F73A0C93FC2F6533FFCD79574FDC9E591C4B8B","not_individually_verified"
"reference/funcs/anilMalloc_vsdlss.c","anilMalloc_vsdlss","009d2010","5","48","8D1C897E57A97EF1FF6D54E27D896464324194FA310FAB0A5DAC08A7D9CD53C7","not_individually_verified"
"reference/funcs/appendChunkWrite_vsdlss.c","appendChunkWrite_vsdlss","009e2f50","61","23","DC04CCD2AC850732320FB659E5C8A6260EB49D5A7944ACA714055F4E06C625BB","not_individually_verified"
"reference/funcs/appendFromToOffDiag_vsdlss.c","appendFromToOffDiag_vsdlss","009f3df0","70","31","C5AD89869471AEE3F994DBFDB61F70BD5819A087A8E252DAA1FC6B55450140F7","not_individually_verified"
"reference/funcs/arrayBasedBucketByDigit_vsdlss.c","arrayBasedBucketByDigit_vsdlss","00a1e2b0","1a9","95","A4B22BFD20401EB4747026E1E007C5E4A574DB1DB378AD7052599B2284C0507A","not_individually_verified"
"reference/funcs/backSubstitute_vsdlss.c","backSubstitute_vsdlss","00a2f350","113","53","3211A970EB7ED1B5251AB9089AFB69747585A998CFE9293C361E8F211E1095C1","not_individually_verified"
"reference/funcs/backwardSolveBlocked_vsdlss.c","backwardSolveBlocked_vsdlss","00a19ce0","52a","249","AF34DD5F0354385552A8DE0449CE7995CAE285A76A448DD173C815AD4AFB246C","not_individually_verified"
"reference/funcs/backwardSolveFromVsdlss.c","backwardSolveFromVsdlss","00a12e80","ae","41","86FE95C05FF979FB54DC746D578DC3DD061546AAE603FDCBE50FA30A9FBE84D1","not_individually_verified"
"reference/funcs/beginLog_vsdlss.c","beginLog_vsdlss","009f8aa0","148","46","C1F6E9F4979D821E84FC1041706EDB24CE90F8DA610E8328E7C1104E70D58200","not_individually_verified"
"reference/funcs/blockInnerProductBackSolve_vsdlss.c","blockInnerProductBackSolve_vsdlss","00a2e3d0","72a","275","48C5F02550526B9ECA746317BF1750EC2029272CBE76675B514273172FD2E780","not_individually_verified"
"reference/funcs/blockInnerProductBackSolveNI_vsdlss.c","blockInnerProductBackSolveNI_vsdlss","00a2eb20","6fe","272","C15D715776F785451289EBFFAE76D9EC105F3C37F296B4E0A0C256F57BE0C245","not_individually_verified"
"reference/funcs/blockSaxpyBackSolve_vsdlss.c","blockSaxpyBackSolve_vsdlss","00a2d3f0","6b5","254","0FF1DA7C4FEF532ACDB9E0B8203EE2FB4BC480FE5D26250FBA617C81A4E98B34","not_individually_verified"
"reference/funcs/blockSaxpyBackSolveNI_vsdlss.c","blockSaxpyBackSolveNI_vsdlss","00a2dad0","681","231","CB144B65CDA779E98132EE561103D063FF2CE620F57922300A625620485C2B70","not_individually_verified"
"reference/funcs/breakupBlocks_vsdlss.c","breakupBlocks_vsdlss","00a1aa10","82","56","A64FA26114DC98D6803C58CB19A79B9F5E31416F5BB91B5FF42FB07D86E637F2","not_individually_verified"
"reference/funcs/breakupIndistNodeSets_vsdlss.c","breakupIndistNodeSets_vsdlss","00a225f0","15a","71","01DE0F07A7E52980303ED1068DFDCB8F0A79F6606687707B34AFCFF079F8CB8C","not_individually_verified"
"reference/funcs/bucketNeighborsIntoNodeBuckets_vsdlss.c","bucketNeighborsIntoNodeBuckets_vsdlss","00a1e470","1e1","110","19DEB6227D607BBBE2E5245F0B585323EF7E4CE4470A5D0E80B5A0A9983D2359","not_individually_verified"
"reference/funcs/bucketNodesByDegree_vsdlss.c","bucketNodesByDegree_vsdlss","009fd940","d3","57","F52DED8EFD0E829AB03E263BD101CA5932D6D6636DD1ACFE085D8AB64578E675","not_individually_verified"
"reference/funcs/buildBpq_vsdlss.c","buildBpq_vsdlss","00a1f060","55","32","D6C484603754360004FE75D7F3CF953DDFEEEA6BF5604A0917B606CECA4C2371","not_individually_verified"
"reference/funcs/buildBpqArr_vsdlss.c","buildBpqArr_vsdlss","00a1f010","4f","30","A50E38030420EB046510B83EAC1B995E7B0EB23FB7B2CA21E0C282EB8CDADB92","not_individually_verified"
"reference/funcs/buildPq_vsdlss.c","buildPq_vsdlss","00a2cb80","5a","37","63922CDA39314692F0491EC68C4B408153B265C70246F93739A13653AC15F4C1","not_individually_verified"
"reference/funcs/buildPqi_vsdlss.c","buildPqi_vsdlss","00a0d310","157","103","949C3826A0F392E67BC6E9EE53717DE3FDB9B94FEA4FA9C7993C0E8D2CF1FB02","not_individually_verified"
"reference/funcs/callInitMemManager_vsdlss.c","callInitMemManager_vsdlss","009dce70","54","32","812128B40ABD5ED548DE82774D35F05D0B59B6045CD3FA5233E1919AB7E3620C","not_individually_verified"
"reference/funcs/casiFClose_vsdlss.c","casiFClose_vsdlss","009f3950","2a","18","094F375C2C5A9B977183B445AAE196A56636772976BE0C6A160019C40EC31742","not_individually_verified"
"reference/funcs/casiFree_vsdlss.c","casiFree_vsdlss","009dd480","77","50","556AF5BCD3A6847FDDC8806317F78D060DF8AFA5745BAE7E8FDFE6CEBC237FCA","not_individually_verified"
"reference/funcs/casiMalloc_vsdlss.c","casiMalloc_vsdlss","009dd400","24","18","C8FC9CAE2C49D0EB01793C3CD9B9D76A767EBE3D8D450D79A54F91EA895ECD82","not_individually_verified"
"reference/funcs/casiPop_vsdlss.c","casiPop_vsdlss","00a2f750","27","24","0CA2EE442F94759B31936D015870008CFB34BCCD6375E50B0201CFE7FB40CEC2","not_individually_verified"
"reference/funcs/casiPush_vsdlss.c","casiPush_vsdlss","00a2f730","13","18","46A7F0477094769285C654E22B7C372DFD4FD710A8DBA9E63161A087B9B9940A","not_individually_verified"
"reference/funcs/casiRadixSort_vsdlss.c","casiRadixSort_vsdlss","009d9840","257","93","CF66E72FC95AC4F58F3AB5493785F2342E97FBDDB040CF83FEF9A89E4985CA8C","not_individually_verified"
"reference/funcs/casiRadixSortPerm_vsdlss.c","casiRadixSortPerm_vsdlss","009d9cd0","28c","97","CC4B64412A14B2AB0BF66110197A1839C664B8CA3623A2E28193812664B36DDD","not_individually_verified"
"reference/funcs/casiRemove_vsdlss.c","casiRemove_vsdlss","009f3980","53","27","4DBFF96566A122C67229CDB9F8676E243618AD478F665AD21F8077042AA251B9","not_individually_verified"
"reference/funcs/casiSub123RowContribFromIndRangeWrapper_vsdlss.c","casiSub123RowContribFromIndRangeWrapper_vsdlss","009e0c50","5d","32","8C28629D8685AD80B4A4D6E73A40C1F013A25BFD4623FCE0A9DB71E9CCE59C5A","not_individually_verified"
"reference/funcs/casiTimes_vsdlss.c","casiTimes_vsdlss","009e1e50","26","19","C698EF84702DB71CAB5E993D1C04F52E32D4F4178ECD4C2C55A8D66EAC410D96","not_individually_verified"
"reference/funcs/casiWarning_vsdlss.c","casiWarning_vsdlss","009e7f90","3af","160","976732B46DFAA8347823BF3CBEDD6D34C6D1408CB8C596DB0F0A69998E20025F","not_individually_verified"
"reference/funcs/checkAndAllocBuffOnTag_vsdlss.c","checkAndAllocBuffOnTag_vsdlss","009fb6a0","123","44","65A3DB7B2E1562CDBFA09113A7DC7778BB26F90018138FF0AB79FC5054BCF01C","not_individually_verified"
"reference/funcs/checkForNegativeDiags_vsdlss.c","checkForNegativeDiags_vsdlss","009f6070","6f","33","234126F5D32FB6B224F29C514B35AB1655525017F83B5DFABA5D96DBCF9A4F03","not_individually_verified"
"reference/funcs/checkFromAndToNodes_vsdlss.c","checkFromAndToNodes_vsdlss","009f5ff0","76","31","FFDCBC8788D6B5A49BF41DD83D18BBCE46E9883C79A8EDFAFF8DD255DB3EA03A","not_individually_verified"
"reference/funcs/checkInputMatrix_vsdlss.c","checkInputMatrix_vsdlss","009f5ba0","228","95","E55D0DF1822D51B037555A76FBA0F44486AD3127835A021449A3D9AC23EF2ACB","not_individually_verified"
"reference/funcs/checkOffDiagOrder_vsdlss.c","checkOffDiagOrder_vsdlss","009e67f0","77","44","08BF22FE4E2A77DB720138D001EC2F3760D6BE3DB044D3505495C5C5E6F61F47","not_individually_verified"
"reference/funcs/checkReadWriteErrorMain_vsdlss.c","checkReadWriteErrorMain_vsdlss","009d21a0","c","18","CDAADBF9FD3BDD55406470EEE6304DA919917EBCBA04209A6977D061BD3BC06E","not_individually_verified"
"reference/funcs/checkResults_vsdlss.c","checkResults_vsdlss","009e6360","16e","44","F9FDFECE9259EEEF0E3BAA7E9513A9CF41394CDCE311ECAE15435A5CB68D8307","not_individually_verified"
"reference/funcs/cleanUpMemory_vsdlss.c","cleanUpMemory_vsdlss","009dce20","21","19","C21125D569FAB4DB53BFEEB4BC4B4FA8E4E7AB54BD4D0419234F73CB608F5CDE","not_individually_verified"
"reference/funcs/closeAChunkFile_vsdlss.c","closeAChunkFile_vsdlss","009e2a90","31","21","92F46BC2D91C5DB09AC8C88C90F4C74B73E845172CF51D2AEC6F49CF49B4EE5E","not_individually_verified"
"reference/funcs/closeAllFiles_vsdlss.c","closeAllFiles_vsdlss","009f39e0","33","24","9EEDE2A87BA41A20628E897AD618854614568976EE171490AAC738383BB7ED2D","not_individually_verified"
"reference/funcs/closeFactorChunkFile_vsdlss.c","closeFactorChunkFile_vsdlss","009e2910","31","21","85B7FB7F6D6B57CBD0BD675224D3CBA8358FF39303720D5CAC64835CF796A634","not_individually_verified"
"reference/funcs/collectArrayBasedBuckets_vsdlss.c","collectArrayBasedBuckets_vsdlss","00a1e670","72","44","A45399F88FCD79316B33C28A740ABEFEFA04080D6A1EBBD1AD54DD5424466353","not_individually_verified"
"reference/funcs/compressOutMarkedVars_vsdlss.c","compressOutMarkedVars_vsdlss","009d97c0","3c","29","1FDC22D567C0E90429453F503680C5E1D5F3562E50B0852C49387CD116F121EA","not_individually_verified"
"reference/funcs/computeFactorBlockMem_vsdlss.c","computeFactorBlockMem_vsdlss","00a22550","a0","52","5121C7828FEF74F5D2A24D24EF8E7250C0E5B290FE3518535D08FE9A04A32E2D","not_individually_verified"
"reference/funcs/computeFactorChunkMem_vsdlss.c","computeFactorChunkMem_vsdlss","00a227c0","4e","21","ED8D3E7632E894DC83B371C98172DC270917E6F2B257D16B8FC5B0EEFB9B3693","not_individually_verified"
"reference/funcs/computeInterVecsForBalanceRefine_vsdlss.c","computeInterVecsForBalanceRefine_vsdlss","009fef80","358","168","2685CE5B8E3976B9CBA9DA12371CDB201020A2CD731BF32D26A4BCAAA975D0EB","not_individually_verified"
"reference/funcs/computeNodeToThread_vsdlss.c","computeNodeToThread_vsdlss","00a08ed0","229","107","234310087FF3749F59E04BD564D43E27FDFDCCCF6D9B369DF9F398FEDD71B0A8","not_individually_verified"
"reference/funcs/computeOverheadMem_vsdlss.c","computeOverheadMem_vsdlss","00a22760","5d","24","203DF501C87DC3648911F7B6C7E885EB24B6FF66D988E09C96FF625C584F1AA8","not_individually_verified"
"reference/funcs/computeSplitBlockForChunks_vsdlss.c","computeSplitBlockForChunks_vsdlss","009f24e0","1ce","106","906B1D3527057BF691351CCFC515253A1A945ED104C178E575B886DA6F6E09FB","not_individually_verified"
"reference/funcs/computeValBuffSize_vsdlss.c","computeValBuffSize_vsdlss","009f2300","18","14","024D41A5BFCBA1FCBFFAF5BA37C0AFE31806F3BBF05366BED517B27507630D6A","not_individually_verified"
"reference/funcs/convertChildToParentToGraph_vsdlss.c","convertChildToParentToGraph_vsdlss","009f4f90","92","41","BB8A0FEB29FEA108606C0F163E7C9BB4552D07E310352DF4AA7262E42CA4B51B","not_individually_verified"
"reference/funcs/convertFromNodeToNonZeros_vsdlss.c","convertFromNodeToNonZeros_vsdlss","009e6d90","79","40","13ACA935510B4B1BE6F946B8D878AC1BB7706EA4D203DF8652B08E61ED34811E","not_individually_verified"
"reference/funcs/convertG2GLT_vsdlss.c","convertG2GLT_vsdlss","009f4d20","68","41","004B78A11C20AA9BA8EE75D18A5A75BA9B57BC96E414140E256E82D3F1672AA0","not_individually_verified"
"reference/funcs/convertG2GUT_vsdlss.c","convertG2GUT_vsdlss","009f4d90","68","41","A26ABE44A7D53F0FC6856D0B233EF3F02693A6DCF2766A3EAD4460317A7C8533","not_individually_verified"
"reference/funcs/convertGLT2GUT_vsdlss.c","convertGLT2GUT_vsdlss","009f4c00","80","50","DEC626B131072913A9CFA5DE9B700870435711C83558177471953E837D1F2C30","not_individually_verified"
"reference/funcs/convertGUT2G_vsdlss.c","convertGUT2G_vsdlss","009f4b90","69","40","BD3A024A5ADDD572FB320BEEF6496B8F6996D22E2DE6B692846D3F75431F8B22","not_individually_verified"
"reference/funcs/convertGUT2GLT_vsdlss.c","convertGUT2GLT_vsdlss","009f4c90","80","50","ADC1C98A07DE5F6594073CA7D058DBB285E5B8E7153F7BEDBD9FBBA7A47085F0","not_individually_verified"
"reference/funcs/convertToCentiSeconds_vsdlss.c","convertToCentiSeconds_vsdlss","009d7a10","78","24","D609C74C1B2EFCCFD8BF3F148601A1C0CAEDAEE2298DDBA73881283FD7FC4406","not_individually_verified"
"reference/funcs/convertToDeciSeconds_vsdlss.c","convertToDeciSeconds_vsdlss","009d7a90","78","24","767F265C9F48415510EB15F63FF9CBA44A3CAEF25F0AE7BDC5812CAB06AC9F50","not_individually_verified"
"reference/funcs/convertToNullGraph_vsdlss.c","convertToNullGraph_vsdlss","00a08100","d6","67","65597526F21888F9887BF4859404A2DDC19054AE2C8874FCDA03AE5B3B2D5112","not_individually_verified"
"reference/funcs/copyArrayToCEdgelist_vsdlss.c","copyArrayToCEdgelist_vsdlss","009e2280","4d","29","CE9FDBD7C2A4A849E10F72D1EE5CFF791405E787E0A7D1534CEDBE0B9E795386","not_individually_verified"
"reference/funcs/copyCEdgelistToArray_vsdlss.c","copyCEdgelistToArray_vsdlss","009e2140","2a","28","B7AEADCCE3601C7786AB2494C361766E60EFBB5ABA6CD129058AC35031A6CCCD","not_individually_verified"
"reference/funcs/copyFVector_vsdlss.c","copyFVector_vsdlss","009d7c80","25","23","73D25FC36570619A34D8603AE2275AAF02AEEF883CD42CB550DF8B380B9BD20E","not_individually_verified"
"reference/funcs/copyIPVector_vsdlss.c","copyIPVector_vsdlss","009d7c50","23","23","1013F312AF17D91660B254AC32E00DCE7C4EAF2E70B411810D774C861C2A974F","not_individually_verified"
"reference/funcs/copyIVector_vsdlss.c","copyIVector_vsdlss","009d7c20","21","23","862537B116D0AD947F16351E8A7E7E83E3A91E8CEC3B3DAF8BD02F8857D5872A","not_individually_verified"
"reference/funcs/copyrightLog_vsdlss.c","copyrightLog_vsdlss","009dcd80","45","29","E2E3AD128BFB807D85813FB290D1B68A61927187632A384AD983C1E710D402DB","not_individually_verified"
"reference/funcs/copyStrArray_vsdlss.c","copyStrArray_vsdlss","009d9410","4c","28","D95DE9B2AF1A38B206784171392AFD98F8BDC715CBFF9D3E64EBD28FAFAFDCEF","not_individually_verified"
"reference/funcs/copySupNodeValsToLongVec_vsdlss.c","copySupNodeValsToLongVec_vsdlss","009ee0f0","80","40","7E2607A14ED549C7B1CB37E742EF9430C767F65451CEC936CD2426EC7B0EAE3B","not_individually_verified"
"reference/funcs/copyTimes_vsdlss.c","copyTimes_vsdlss","009d7a00","f","16","2905AFD3D2AE6403EFB32497469C7800CED56E8F3727B741CFF5B6382765EDCA","not_individually_verified"
"reference/funcs/copyVector_vsdlss.c","copyVector_vsdlss","009d7bb0","25","23","D4793A3C112B1ECB24955695D098EB398681F96BB1C80D3879F35641B1F3F807","not_individually_verified"
"reference/funcs/copyVectorRange_vsdlss.c","copyVectorRange_vsdlss","009d7be0","35","24","E6073A61666C6875A9249F09E46F23DBCD245B19F5E9287E7EA90ADB356F7004","not_individually_verified"
"reference/funcs/countNumberOfBlocks_vsdlss.c","countNumberOfBlocks_vsdlss","00a221b0","35","26","919CF40D95DBA8BB984ACE611ECBA87603F4914E90D286D5013FE0AF78DFA45A","not_individually_verified"
"reference/funcs/createSemiPermTag_vsdlss.c","createSemiPermTag_vsdlss","009fb910","1c","18","B6C7012CC20EE81B799D13745523CFA49F42C2E4D59B61004952E11E94DB3602","not_individually_verified"
"reference/funcs/createTag_vsdlss.c","createTag_vsdlss","009fb800","ed","45","4844B1905DCC4A970A4490897689E12D2111B81D569E1B7B14AB2FF249450B8D","not_individually_verified"
"reference/funcs/cwCasiCaserr_vsdlss.c","cwCasiCaserr_vsdlss","009dcdd0","18","15","DB6FFB60750FDE88723D121E937A5E7A0399927EA275F56CE5EC165489453E7B","not_individually_verified"
"reference/funcs/cwCasiCasmsg_vsdlss.c","cwCasiCasmsg_vsdlss","009dcdf0","22","18","B0C97052ADCE27F25BA8376D793888BD3130600DFE6660B547BAB13E3D6B1A90","not_individually_verified"
"reference/funcs/cwCasiCopyright_vsdlss.c","cwCasiCopyright_vsdlss","009dcd70","a","15","9EEA97384E9100DA16E12A82A98325AC12CA01B31DFD37AB808E1E2D26C65132","not_individually_verified"
"reference/funcs/debugOpen_vsdlss.c","debugOpen_vsdlss","009f8ff0","a8","36","D45BE6EA2BBAE78F88680B380F2A6C0623BB7BCC8971F47EE1C72C0BFEBEE5E5","not_individually_verified"
"reference/funcs/debugPrint_vsdlss.c","debugPrint_vsdlss","009f8ee0","100","73","91DA1B7A53E0F12B28CC9F1CB425B4F25015F9E608023AC2A7498D507282CB89","not_individually_verified"
"reference/funcs/deleteAffectedByChunk_vsdlss.c","deleteAffectedByChunk_vsdlss","00a1bef0","41","25","6272E6A272062CF583BE0057883CEB3B2E89E4B2517EF8072BB08B7D09F6D0AD","not_individually_verified"
"reference/funcs/deleteAht_vsdlss.c","deleteAht_vsdlss","00a2f560","6d","33","43031E3DB2768945C100DA0250AE29E9433D8FCEAFCDBC24FC4B2C992EA60431","not_individually_verified"
"reference/funcs/deleteAllSemiPermTags_vsdlss.c","deleteAllSemiPermTags_vsdlss","009fbba0","3f","29","EBD2C6B404B8E2544B3463BC1674E0C22ED404A8CD7F11ECF781C6B8E7A870F9","not_individually_verified"
"reference/funcs/deleteAllTempTags_vsdlss.c","deleteAllTempTags_vsdlss","009fba70","3e","29","43FE85911FF4AE11918AE6137478DDFB2D1FC75CE68920D9A8F6468A025A2D90","not_individually_verified"
"reference/funcs/deleteArrBucketArr_vsdlss.c","deleteArrBucketArr_vsdlss","00a1e280","1a","18","5021990139A631E232B92120B6E081D2A4EA3E6CC0E6A65616A27CD5D9763E79","not_individually_verified"
"reference/funcs/deleteAStack_vsdlss.c","deleteAStack_vsdlss","00a1e7c0","47","25","5096B9DCDFF06A0BFDCD4AED986ED9A932ECD1BA07565F23D90B42920A78E373","not_individually_verified"
"reference/funcs/deleteBlockInfo_vsdlss.c","deleteBlockInfo_vsdlss","00a1ea40","9d","41","9FF1ECC43C784B86EDE46043C0E5DCA69BE80FCD502E0EE64EA5CB6F3610658F","not_individually_verified"
"reference/funcs/deleteBpq_vsdlss.c","deleteBpq_vsdlss","00a1eb60","57","29","B067BED9D394773916A48180C4E2EA87FBA234C62E2FB25A208869C1527B190F","not_individually_verified"
"reference/funcs/deleteBucketFromHt_vsdlss.c","deleteBucketFromHt_vsdlss","00a2f7f0","22","20","50CBAB24E005D08267E05C3D734A6E0D93263AC8C3272E970471C04A817B6FCC","not_individually_verified"
"reference/funcs/deleteCEdgelist_vsdlss.c","deleteCEdgelist_vsdlss","009e2060","15","19","CD1E674B604B7644D43C549FC7D383867957A42F14C043CE91D9EE0E98A0A663","not_individually_verified"
"reference/funcs/deleteCharPtrList_vsdlss.c","deleteCharPtrList_vsdlss","009dd3e0","15","19","6F5C43FDB1955EA8CC10713C688CD3028C301AAC4999CCB644C71394A793E602","not_individually_verified"
"reference/funcs/deleteChunkInfo_vsdlss.c","deleteChunkInfo_vsdlss","009e2450","159","81","D50F1D590CFACC919EB66EC0CBB755F0257D81895C5D89F7CA5FF56395E8329B","not_individually_verified"
"reference/funcs/deleteCountingMark_vsdlss.c","deleteCountingMark_vsdlss","00a1f2a0","2b","21","3B66B29F782B80A4F8C3471CCD83522439159E233028A81E8BA3D6483826EC70","not_individually_verified"
"reference/funcs/deleteDeg1Deg2Pf_vsdlss.c","deleteDeg1Deg2Pf_vsdlss","009e3520","57","29","A38EE011F3741EA9B35388B5FE58AAE85B4BBA0751663DBEA0B78489D88233D8","not_individually_verified"
"reference/funcs/deleteDeg3Pf_vsdlss.c","deleteDeg3Pf_vsdlss","009e3850","b3","45","9D5963B339F80CC410EA7A56E74FA7C980A9840FF2BD525B9CA1220D23DC8A03","not_individually_verified"
"reference/funcs/deleteDoubleEndedQ_vsdlss.c","deleteDoubleEndedQ_vsdlss","00a2f610","36","21","61C25B013135EA68C73E59919D554E4150342AB1C372B17300C19FB9A1DF0473","not_individually_verified"
"reference/funcs/deleteElemArr_vsdlss.c","deleteElemArr_vsdlss","009e6610","83","37","57AE54E96308E5CD160C5DB4E135D83626CFB2E21D6646CCD74D7AC5EE273FBA","not_individually_verified"
"reference/funcs/deleteEntireCEdgelist_vsdlss.c","deleteEntireCEdgelist_vsdlss","009e2110","2b","21","CE32EC4FC89A72AC256EE90D26D4DD6E2AE8E9907D49CBEE2006EDD5E015F609","not_individually_verified"
"reference/funcs/deleteFactorBlock_vsdlss.c","deleteFactorBlock_vsdlss","009f2290","6d","33","138AD97A90BD13AB13D6BCEEE7216A3AEB8E9A346CFE0E3465A99AABA542488E","not_individually_verified"
"reference/funcs/deleteFactorChunk_vsdlss.c","deleteFactorChunk_vsdlss","009f24b0","2a","21","DC685CBE62FDD6DF930B7949ACCBC3C8782CE0D25D68F2BD999BA402273D84A6","not_individually_verified"
"reference/funcs/deleteGraph_vsdlss.c","deleteGraph_vsdlss","00a08020","d3","66","E6AAC00FF5290B82EBAF1D5EBD2750BDA0E95A0AAD2B54537F39D8DCD6003D3C","not_individually_verified"
"reference/funcs/deleteHashTable_vsdlss.c","deleteHashTable_vsdlss","00a2f820","57","35","C0303B7FB02BD7C6B07578587B5A0A36F6EA9A217111A6D7995E6AA84126060C","not_individually_verified"
"reference/funcs/deleteIndistNodeSets_vsdlss.c","deleteIndistNodeSets_vsdlss","00a21d10","71","40","5C736C246B00D3A6F6CFE30CFF6B06799E72F6CF74835E34544662C5A3E44658","not_individually_verified"
"reference/funcs/deleteIndValVecs_vsdlss.c","deleteIndValVecs_vsdlss","00a082e0","3f","25","41D5C35F3C904F4B225B363E5B48849C28829B39532830CEBB31BFE09169B046","not_individually_verified"
"reference/funcs/deleteJobFromJrtCleanUp_vsdlss.c","deleteJobFromJrtCleanUp_vsdlss","009f65a0","35","23","85C7B8C329E977369188BC9CD899554EC2B02C8E4AEAD7E0AE82E1CFDFF80CF3","not_individually_verified"
"reference/funcs/deleteJobFromMemoryJrt_vsdlss.c","deleteJobFromMemoryJrt_vsdlss","009f6510","86","35","714D0CDFD870D7CB52D74DED00BA70F357BD7B3CBC9EB80D7A7130EE7FD40A31","not_individually_verified"
"reference/funcs/deleteListMark_vsdlss.c","deleteListMark_vsdlss","009f6ab0","30","22","CDB468703F524F9947DA8C6098AF53735C0ACC01815B8981106F62F731223346","not_individually_verified"
"reference/funcs/deleteMatrix_vsdlss.c","deleteMatrix_vsdlss","009e5d80","5d","32","F2715CD428C76766C5B5C0D4BBAF0276C4EF91A1AEC12BB999C053AF9BA5B5E7","not_individually_verified"
"reference/funcs/deleteMLDGraph_vsdlss.c","deleteMLDGraph_vsdlss","009fc590","b3","45","B75AFB618F0CA273399D45AE15E0CDC2021590D27E7DB20DE665A8393B13CA55","not_individually_verified"
"reference/funcs/deleteMLDOrderVecs_vsdlss.c","deleteMLDOrderVecs_vsdlss","009fcac0","1d6","86","0F76691EEA02EF7B8A34ED2F8855AAAE38F9284DB0D8393F965C34C1DFA4F910","not_individually_verified"
"reference/funcs/deletePartFact_vsdlss.c","deletePartFact_vsdlss","00a08490","1a","18","D9F10B7AFE38E8F0773C12B40A31B25740567BEF6010C6D32D2C6E6C18DEE1A2","not_individually_verified"
"reference/funcs/deletePfResAndRhsVecs_vsdlss.c","deletePfResAndRhsVecs_vsdlss","00a10290","68","27","4423BBA5F0406462D3E4CBCDC59B322DAB683E7CA2250112E4BD24D298A9D403","not_individually_verified"
"reference/funcs/deletePq_vsdlss.c","deletePq_vsdlss","00a2c600","1a","18","18991DD6961BC1D5CEA56E035E864CA0F604EB7CCF5C14576D70F32FE445C193","not_individually_verified"
"reference/funcs/deletePqi_vsdlss.c","deletePqi_vsdlss","00a0cb80","67","36","B8E8AB1A144EA66808D40EA2D24AE8B660214DB68E025870AEAF6FDB7BF42FC6","not_individually_verified"
"reference/funcs/deleteQ_vsdlss.c","deleteQ_vsdlss","00a0d680","2b","21","82F59995C3046E79C42B7837546579EA3F95D456C42689990C64D247D7F8F6FF","not_individually_verified"
"reference/funcs/deleteSparseFactor_vsdlss.c","deleteSparseFactor_vsdlss","00a083e0","1a","18","FF684585D8F4300F23A604309D2262C4522CBD377DC911B7368E329036A0FF5B","not_individually_verified"
"reference/funcs/deleteStack_vsdlss.c","deleteStack_vsdlss","00a2f720","5","21","8E48F213F37F3E8D487DB4824465A6CE350C1890E3B99E57A0A04EE3938689D5","not_individually_verified"
"reference/funcs/deleteTag_vsdlss.c","deleteTag_vsdlss","009fb930","9a","36","E4354B95D16096E4DA68252214BF21F77E597C6FCC301E93A571B17C31D23B50","not_individually_verified"
"reference/funcs/deleteTime_vsdlss.c","deleteTime_vsdlss","009d7930","18","18","175358A855690DFCF6D509C12E001A915093D373AFF574C04B67D51C4D8C25B7","not_individually_verified"
"reference/funcs/denseSolve_vsdlss.c","denseSolve_vsdlss","009e62e0","7d","26","F2AAE8941F48560F496531A5F6B7232A95E90F8386428ACD5E6C91B82A379535","not_individually_verified"
"reference/funcs/DHalfInvNorm_vsdlss.c","DHalfInvNorm_vsdlss","009d8e60","66","35","99322EB2655983AB2F189E91EFF84471B3983E930340BA80465A27EBA4BF5C86","not_individually_verified"
"reference/funcs/diffTimes_vsdlss.c","diffTimes_vsdlss","009d79c0","31","26","E4EFC902A4FE2A322295A86EF8CA5BDD5556CC8B4F72BC6169815DF44EBA8F7B","not_individually_verified"
"reference/funcs/DInnerProduct_vsdlss.c","DInnerProduct_vsdlss","009d7e20","46","32","D4C25B911237613994858946E298E3B9BAF5624239906457D757F3B859071BE1","not_individually_verified"
"reference/funcs/divideIntoChunks_vsdlss.c","divideIntoChunks_vsdlss","00a1f7b0","1a5","53","F2D3CBACC23D4E97BAA92D5C8C6E8B08DA00C5190F3B784D4BA9CC30A19256CA","not_individually_verified"
"reference/funcs/DNorm_vsdlss.c","DNorm_vsdlss","009d8e00","5c","31","887A0E0C71E9FF8600E63543DE2B7ACAE473A1EE079F3E352026579EF10675AC","not_individually_verified"
"reference/funcs/dq_vsdlss.c","dq_vsdlss","00a0d7a0","2c","29","4704C37A0DC7F7F013194D4BF1AA329B1D7FE3BB96918E959E0FDC2BB148E677","not_individually_verified"
"reference/funcs/dqPq_vsdlss.c","dqPq_vsdlss","00a2ca20","7f","25","CFCF1381605AF874A78A8C3EE667561F12443D3BD98579F0CEC1435951F55AFD","not_individually_verified"
"reference/funcs/dqPqi_vsdlss.c","dqPqi_vsdlss","00a0d080","161","89","1A4F3581FC40BBF4B9D71BDD010DA205E54BD82FC71B51EFF8EAD10F398692BF","not_individually_verified"
"reference/funcs/dumpAStack_vsdlss.c","dumpAStack_vsdlss","00a1e930","75","34","B1314A9CD7549D0DA1EC48A58E8FA5547C12360EC5BB74A56806A8E7446168A2","not_individually_verified"
"reference/funcs/dumpHeap_vsdlss.c","dumpHeap_vsdlss","00a21680","83","35","82FC0937B1C94DE1BBF58AEDF1C6B1EEE40DA3791426103300884C0CED0962A1","not_individually_verified"
"reference/funcs/dumpPq_vsdlss.c","dumpPq_vsdlss","00a2c630","86","34","3F04A821345C75CD9DAC6A7A2913F878779E07A8D123B8588DB18A9E9635B597","not_individually_verified"
"reference/funcs/dumpPqi_vsdlss.c","dumpPqi_vsdlss","00a0cbf0","86","34","871E7DDB6C345C13E80B5C757424858068B90B5FAD9ADBE8D5670276E6F801D1","not_individually_verified"
"reference/funcs/dumpq_vsdlss.c","dumpq_vsdlss","00a0d7e0","da","61","FF7DADB66FF50E218DB11C02DC937A6DCABAADBCB9999EC5D5F4FD67105B6CF0","not_individually_verified"
"reference/funcs/elemInPq_vsdlss.c","elemInPq_vsdlss","00a2ccb0","5e","29","8EED5CCF1A8BCF92E7C678AA053CC61B723C0B920E3E914CFDBA4A86BEAFD0BD","not_individually_verified"
"reference/funcs/eliminateDuplicateEdgesInGraph_vsdlss.c","eliminateDuplicateEdgesInGraph_vsdlss","009f5030","de","65","E8BC0D5FA85E5AD45F5AF5BE3B4ED25C5A9A62AB89CE4FF2DB94C772276D7202","not_individually_verified"
"reference/funcs/emptyAStack_vsdlss.c","emptyAStack_vsdlss","00a1e8f0","b","14","E084568D2388AD855F5CBC71990C1C8CF4A537F47ABC537F6B6F4EF693C5B70A","not_individually_verified"
"reference/funcs/emptyDeq_vsdlss.c","emptyDeq_vsdlss","00a2f700","f","14","A7DD7ABFAE7AD2074F78F35972C6C986ED74061FC76CA17D36B71EC1CDE9096B","not_individually_verified"
"reference/funcs/emptyQ_vsdlss.c","emptyQ_vsdlss","00a0d790","c","14","819E7C7CD2694584F22297800D286B060D25A1756B1911622400A4D6708D3DF9","not_individually_verified"
"reference/funcs/emptyStack_vsdlss.c","emptyStack_vsdlss","00a2f7a0","f","14","E7BAFA7C0E0852DC755554E8A546A99F9E432CD0E2C0CB950808DEF8EBFC9239","not_individually_verified"
"reference/funcs/encapsulatedFree_vsdlss.c","encapsulatedFree_vsdlss","009e7690","22","17","8D784FED8B24E4F0DDA9335458BFC0507F4AD38DB140E5E3D92285E455DCA14A","not_individually_verified"
"reference/funcs/encapsulatedMalloc_vsdlss.c","encapsulatedMalloc_vsdlss","009e7660","29","19","2F025AC7F51B0F65B384AC65FA2F575E6D21254F211C603DF6E4DB6DD68C051C","not_individually_verified"
"reference/funcs/endLog_vsdlss.c","endLog_vsdlss","009f8c10","75","28","B0EA9868BB652F9E3E979A85B7485B75F932019AA1BEC63D2AE48594BB6C0DC4","not_individually_verified"
"reference/funcs/enqDenseSolve_vsdlss.c","enqDenseSolve_vsdlss","009e7760","4a","23","FF63AD89ECDDCDB27799C04BB98FC7269B57A0F44B86F4941DACBB94F69199D3","not_individually_verified"
"reference/funcs/enqGenMatStats_vsdlss.c","enqGenMatStats_vsdlss","009e77b0","5b","26","346A6DFD254ABBF8A71737C86A067E26A2F8F6736843E153D62D131D65D21156","not_individually_verified"
"reference/funcs/enqMemForVsdlss_vsdlss.c","enqMemForVsdlss_vsdlss","009e7890","4d","23","34B37FDA162CB941EEF30A1BAE27A710037A73CBD32FC3110FFB0CBE798CD954","not_individually_verified"
"reference/funcs/enqOrderOnly_vsdlss.c","enqOrderOnly_vsdlss","009e78e0","4a","23","03C4EA98CBCB721F29EF478F03AB1873F23135D3F5730B343D65C7D6D0861282","not_individually_verified"
"reference/funcs/enqOrderSelector_vsdlss.c","enqOrderSelector_vsdlss","009e79b0","7","14","E02538F67253B8F54E31326A041C3E85A29470362A6E76A60968C0FB250AB4E8","not_individually_verified"
"reference/funcs/enqOutOfCore_vsdlss.c","enqOutOfCore_vsdlss","009e7a40","7","14","8F06869A96790EDCCDB28BE26D67B482B806496408056FF60B5BD1FEF682599D","not_individually_verified"
"reference/funcs/enqSolveInMem_vsdlss.c","enqSolveInMem_vsdlss","009e7b50","7","14","6316745A1858726E8DE603A20283367B4A4030BF4656590BD82F9AE7E3F10BE5","not_individually_verified"
"reference/funcs/factorA_vsdlss.c","factorA_vsdlss","009ef280","272","84","95F0B8A936F8CFFC75B3ECC7C4F9AF9AA054C0BDEC65A6B7D1B62899D470FF8A","not_individually_verified"
"reference/funcs/factorAOneChunk_vsdlss.c","factorAOneChunk_vsdlss","00a194b0","5","86","ECF876BAAFCF5090283993C77A774D7B0063D0F6D3B62C5AEF88D575A1362CF8","not_individually_verified"
"reference/funcs/factorAOneChunkNew_vsdlss.c","factorAOneChunkNew_vsdlss","00a1abc0","282","91","32207AE4F3E5B23A18AEEB71A2DDDE11FB315FE19B2F4489A5528DC532C8FCD2","not_individually_verified"
"reference/funcs/factorAOneChunkNonBlocked_vsdlss.c","factorAOneChunkNonBlocked_vsdlss","00a19200","291","108","171C3883D84DD526258281049A4D9A29EA19FFF66CB51055B6685AA20B596A08","not_individually_verified"
"reference/funcs/factorChunkFileExists_vsdlss.c","factorChunkFileExists_vsdlss","009e2ad0","48","26","02A358EC387BE07C7FCE4077CB53C9A09A93025DCE803C62A0F160CD8F633C18","not_individually_verified"
"reference/funcs/factorDeg1Deg2Pf_vsdlss.c","factorDeg1Deg2Pf_vsdlss","009e4e80","680","204","645C749D73D0B1B66DFC5FA8FA033AD209E1B3CEEE15951AFF034EAEFDAD3FC8","not_individually_verified"
"reference/funcs/factorDeg3Pf_vsdlss.c","factorDeg3Pf_vsdlss","009e5540","575","155","7EAD95DFF2D52D9D1472F25494EE8B160CF751172F12A6C8EFC5C5C7CFAA53A2","not_individually_verified"
"reference/funcs/factorWithinBlock_vsdlss.c","factorWithinBlock_vsdlss","009eeb60","4f3","186","7E40494422111367F7107C45950E1A0F257AA211933BC63F66C147030D3C4D3E","not_individually_verified"
"reference/funcs/factorWithinBlockExt1To3_vsdlss.c","factorWithinBlockExt1To3_vsdlss","009ef5e0","235","77","204217DB7177F7E15CAD438B9F1B1FAE9D262B4CB7FFBB793047E507B7A8827B","not_individually_verified"
"reference/funcs/fatalError_vsdlss.c","fatalError_vsdlss","009d2060","133","64","6DF8C4821FBDB90034DE11DB078DE25B24CF6FAB3BEA6BE51BCF8F32470099F0","not_individually_verified"
"reference/funcs/fileExists_vsdlss.c","fileExists_vsdlss","009f3ac0","5d","30","AA697FE35D54B611948F06A3F53244745D60ED3C27F947EECD384177B5E407FB","not_individually_verified"
"reference/funcs/fileExistsMain_vsdlss.c","fileExistsMain_vsdlss","009d2400","27","20","CC990AF9A7B66DD01B3C5DCF0C2B636A76989AE1F40363C0D4428F761065B8D6","not_individually_verified"
"reference/funcs/findJobInJrt_vsdlss.c","findJobInJrt_vsdlss","009f61e0","1a","21","F066592B7891AD4993ACC9FFD17A15BF3A5D625C6D66A32AF8A8A90E825C5ECC","not_individually_verified"
"reference/funcs/finishChunkRead_vsdlss.c","finishChunkRead_vsdlss","009e31c0","9b","32","CF17CD947558B6118A4C4B86481BCFCD9E9A2C3655FD4081979CA218C0D57735","not_individually_verified"
"reference/funcs/finishChunkWrite_vsdlss.c","finishChunkWrite_vsdlss","009e2eb0","9f","32","45D83C7D33F61F966A774C42C89CEBEF4E3D16E355960F2F26E579F7565D1366","not_individually_verified"
"reference/funcs/finishErrorMutex_vsdlss.c","finishErrorMutex_vsdlss","009e7bf0","2","14","42F8C7C77F8F0B8497F5E69CE789689BAB17FFA9C27F9411C836E0C591660645","not_individually_verified"
"reference/funcs/finishRandPermMutex_vsdlss.c","finishRandPermMutex_vsdlss","009fbd20","2","14","4DA2D2EE5754A7617923A43F1079461639AED360EF3A7B6E151F07F8357F5100","not_individually_verified"
"reference/funcs/finishReadFromTo_vsdlss.c","finishReadFromTo_vsdlss","009f42f0","9f","31","6C83156DB3AC80FF6D232B3B208EA658951535DEF1A697D7FA0EE1E01CFB0977","not_individually_verified"
"reference/funcs/finishReadFromToOffDiag_vsdlss.c","finishReadFromToOffDiag_vsdlss","009f4030","a2","38","FB72E8A583B6EC65EDA09E93161D75ECB43A754BFE68B159657E3346EBF4BE45","not_individually_verified"
"reference/funcs/finishWriteFromToOffDiag_vsdlss.c","finishWriteFromToOffDiag_vsdlss","009f3d20","c6","43","BBAE503E9EA60775145D04BD9006170F5D74F1466D24B13D65C9C7280775C86E","not_individually_verified"
"reference/funcs/flushCasiMallocFree_vsdlss.c","flushCasiMallocFree_vsdlss","009dd510","4e","25","EF394D52EE905A5D6EB2B3D62BD91D55280C60E28FD26E2F5685F68D5D848214","not_individually_verified"
"reference/funcs/flushCelFreeStructures_vsdlss.c","flushCelFreeStructures_vsdlss","009e1fb0","2e","19","C2C42C34DC01654A59F28BC684BAF24C752F1F166913CF4F0D9B1C19A4F0C6F3","not_individually_verified"
"reference/funcs/flushCplFreeStructures_vsdlss.c","flushCplFreeStructures_vsdlss","009dd2e0","2e","19","49E25A39D74AAAA2DF6472DCF7771F7ABE0C06357B0DB682FF1C9FBC1B1324FF","not_individually_verified"
"reference/funcs/flushPq_vsdlss.c","flushPq_vsdlss","00a2cb50","2a","22","F4F2B8C33EF2518B690AF64C12D6976936E2F69A625C8E165C56FA118367CBE1","not_individually_verified"
"reference/funcs/flushPqi_vsdlss.c","flushPqi_vsdlss","00a0d2d0","3e","29","54710A120A4D0A9C4C86D09DE2253959DDEED378DA38F3189BBB3D4BFEB97365","not_individually_verified"
"reference/funcs/formMatForDeg1Deg2AndSplit_vsdlss.c","formMatForDeg1Deg2AndSplit_vsdlss","009e4620","4a2","174","CF46552237AD07A08509EF1154E5D140B325B31B2AA28DD3BDDA68CC0F1C3BA7","not_individually_verified"
"reference/funcs/formMatForDeg3_vsdlss.c","formMatForDeg3_vsdlss","009e4b00","33c","137","BB8B4DCA17406EEEA6516E7250B384B0125C3612FD299ABC11AB9547923A83F9","not_individually_verified"
"reference/funcs/forwardBackWardSolveFromVsdlss.c","forwardBackWardSolveFromVsdlss","00a12cd0","d3","47","22F265918CBEB941BAE65B0F4499B3F751DBE22ED36F617FE827F7AD32AC63F8","not_individually_verified"
"reference/funcs/forwardSolveBlocked_vsdlss.c","forwardSolveBlocked_vsdlss","00a197c0","4e4","232","4412D719F07E17D15F871C53CD9C293EA9F6D67D3CBB86F9B4E9D074FC0665B4","not_individually_verified"
"reference/funcs/forwardSolveFromVsdlss.c","forwardSolveFromVsdlss","00a12dc0","ae","41","46561175CC1BD33A4C3F8F7186BEC8D88EBE1F918F7F3AB5277F88733EEB399E","not_individually_verified"
"reference/funcs/forwardSubstitute_vsdlss.c","forwardSubstitute_vsdlss","00a2e290","131","55","63102E124EA546B3F865CAB9F7AD7C4F5E4E91783BBC80FF111582232EE55379","not_individually_verified"
"reference/funcs/getAChunkFn_vsdlss.c","getAChunkFn_vsdlss","009e26c0","68","27","4968878AFDA49837D78B03556318BD070FA05D999427742BF6F848599D6B0995","not_individually_verified"
"reference/funcs/getAChunkFullFn_vsdlss.c","getAChunkFullFn_vsdlss","009e2740","8f","29","BD1DB57604A7A7C052B223AC0D26FDD4FCA72AD746537E0D30D6FA75B3EB753C","not_individually_verified"
"reference/funcs/getALine_vsdlss.c","getALine_vsdlss","009d21b0","56","27","A49E43831ACEC144443CF532570B48DB123D40E0D744B0AE2C655215783D12FD","not_individually_verified"
"reference/funcs/getALineWithFirstCharInSet_vsdlss.c","getALineWithFirstCharInSet_vsdlss","009d2240","61","34","CD6E6845600A396E60F6661173E219689164F7ADAB4DB4ABE049B08B953806A9","not_individually_verified"
"reference/funcs/getBaseJobName_vsdlss.c","getBaseJobName_vsdlss","009d4d30","58","38","61115B4DA17C8054A7D554185657BB9C9ADAA7AFBAE6FBC6DA67FA4037B5C16B","not_individually_verified"
"reference/funcs/getBlockInfoFromIns_vsdlss.c","getBlockInfoFromIns_vsdlss","00a22060","14c","73","6FB08A52BB31F199D10C1FE32F554EF08605A4A2C339F4BD5064BE74F065FA31","not_individually_verified"
"reference/funcs/getCEdgelistSize_vsdlss.c","getCEdgelistSize_vsdlss","009e2240","20","24","74E9F494FF9CD5F4D2F0346C2CB894A6EFC45C2E788504F12E376523E605BF66","not_individually_verified"
"reference/funcs/getFactorChunkFn_vsdlss.c","getFactorChunkFn_vsdlss","009e25b0","68","27","8B3F637DBDD39CEF286637B026FB620D09719B5AEEA6C5E7D5678B260DF5595E","not_individually_verified"
"reference/funcs/getFactorChunkFullFn_vsdlss.c","getFactorChunkFullFn_vsdlss","009e2630","8f","29","B585522AA711E8D86D0EDC6F55457675EEC5DF7B921DEABC3743A72E06CF7067","not_individually_verified"
"reference/funcs/getFactorStats_vsdlss.c","getFactorStats_vsdlss","009dcfc0","22e","99","FDDEA33F0C2A70D2E878513D4E19FD43EABF5939CA78FB544E9D1C4CDE1AB182","not_individually_verified"
"reference/funcs/getFactorStatsOneChunk_vsdlss.c","getFactorStatsOneChunk_vsdlss","00a160f0","1e5","87","E100752A1A27B915F97B493B2812312D27FC0EEB424AFE550170C0C4FF4095BB","not_individually_verified"
"reference/funcs/getFcPtrsVsdlss.c","getFcPtrsVsdlss","00a129c0","1d","17","9AE23BB27836A2593EC5AD75477B92A82A772EB9FACB8B36913703CCEF3CE799","not_individually_verified"
"reference/funcs/getFcReorderVecFromVsdlss.c","getFcReorderVecFromVsdlss","00a12960","8","14","0D4BF34E8899F8D87070D1CF8DC1AF74165C0868C686017BF61FD89DDEE851C0","not_individually_verified"
"reference/funcs/getFileName_vsdlss.c","getFileName_vsdlss","009f3640","f","14","19D8FC4ED40FD34E3A822BF376D22E4F83A5DF1230AC60E626472F49800D17FB","not_individually_verified"
"reference/funcs/getFilePtr_vsdlss.c","getFilePtr_vsdlss","009f3650","f","14","737B4D04D879F5963DD0E49EE728314390FD6336214B6D699956E4C34E3BC680","not_individually_verified"
"reference/funcs/getFormat_vsdlss.c","getFormat_vsdlss","009f3670","e","14","E2ECE04FE6826E1A846BD133C6804BCD81F50A9E839AC9E786F91A5C13C07CC2","not_individually_verified"
"reference/funcs/getGraphArrFromElemArr_vsdlss.c","getGraphArrFromElemArr_vsdlss","00a14950","2cd","144","B1E5A72489B9E6A1D8F1C1890D0B96DC9B02316F84347210394E6261E2321405","not_individually_verified"
"reference/funcs/getGraphFromElemArr_vsdlss.c","getGraphFromElemArr_vsdlss","009e7230","ee","48","05244C58D361876DE639AB9574A5D40C4F2EEFFD2AF4D2DDA8694E2174A91654","not_individually_verified"
"reference/funcs/getIndicesInFactLForVsdlss.c","getIndicesInFactLForVsdlss","00a12a10","9","14","4002869ABFD3910B5F24A287D8700FED3F9C5183B4E83B902A3E22DDA33BBF92","not_individually_verified"
"reference/funcs/getInverseMap_vsdlss.c","getInverseMap_vsdlss","009d8b80","2c","24","A02F0D6C0983D10D4D501448B0D9204BD743D70414688B7D379A0B2D8E960FBA","not_individually_verified"
"reference/funcs/getInverseMapInPlace_vsdlss.c","getInverseMapInPlace_vsdlss","009d8bb0","76","42","827781A592F13E0FE28E3BF7902BFB14173D42C734E3C6351FA4C849779D99EC","not_individually_verified"
"reference/funcs/getLastInCelList_vsdlss.c","getLastInCelList_vsdlss","009e2260","18","16","7D171A86D1EBF333A513CE0392E56CFD5E0C5E944A6CE4B813351D8E01E5D57D","not_individually_verified"
"reference/funcs/getMaxChunkRows_vsdlss.c","getMaxChunkRows_vsdlss","009e2c40","3f","31","0141D4B6348AF1D6372FD10755303F60FAECED1DAA3211D035E8D088FBB184DE","not_individually_verified"
"reference/funcs/getMaxIVector_vsdlss.c","getMaxIVector_vsdlss","009d8a00","36","33","AB2A56FF57FAA46708A4A0D50CF8AA0377EB8EFC7CFD6B0514B2D1168CA0EFEC","not_individually_verified"
"reference/funcs/getMaxStrLen_vsdlss.c","getMaxStrLen_vsdlss","009d9390","72","33","80CD73F21DA8FCC7EB15FD0EA28FA07CE6C4C026881FE4CDD8E7A2BD06FC6811","not_individually_verified"
"reference/funcs/getMaxSupNodeNZ_vsdlss.c","getMaxSupNodeNZ_vsdlss","00a18fd0","61","37","1EA64C1140344444ACB19E65DB9564B1190EBCA112D511C22D915A4557915FC9","not_individually_verified"
"reference/funcs/getMemAllocBlockSize_vsdlss.c","getMemAllocBlockSize_vsdlss","009fb7f0","8","14","6C414A2AF5B66269660EA2083A9F49F7B130CAB97FBDF1C67B376CD891CF71A5","not_individually_verified"
"reference/funcs/getMemAllocBlockSizeVsdlss.c","getMemAllocBlockSizeVsdlss","009fb7e0","8","14","F4F8D83E65DACC792C60AC9D0DCF3C1E77F8509EC393589B370C231438A3FEAB","not_individually_verified"
"reference/funcs/getMinAndMaxIVector_vsdlss.c","getMinAndMaxIVector_vsdlss","009d8ae0","8b","69","925FD01910A903F7E0A547D5A3E7396628055240BB12768A43141F1F35B65091","not_individually_verified"
"reference/funcs/getMinBucketBpq_vsdlss.c","getMinBucketBpq_vsdlss","00a1f0c0","42","38","2D146C371BF08C4CF117F4518BCFDECEA4B52E21D7BC45CE349EC438B43C999C","not_individually_verified"
"reference/funcs/getMinIVector_vsdlss.c","getMinIVector_vsdlss","009d8a40","4d","42","1C4A54CA2E118C010208B656929CF9B4FC0D66054375FC17E1BC9015736C32D3","not_individually_verified"
"reference/funcs/getMLDGraphFromElemArr_vsdlss.c","getMLDGraphFromElemArr_vsdlss","00a060d0","34e","157","CA252AEF630308705C8CB9C23ABA9E1E8DEA6216125137D20C3C3EBB28DADE7D","not_individually_verified"
"reference/funcs/getMldovsBfsQ_vsdlss.c","getMldovsBfsQ_vsdlss","009fce50","1d","22","706DBDA29F037FCD00A8E19A824CBEFE94A2A6E20747AF3A28B243E96CF5A25C","not_individually_verified"
"reference/funcs/getMldovsBpq_vsdlss.c","getMldovsBpq_vsdlss","00a2ae40","2a","21","4B2E48375F6D2FE7E5A4DE1EDCC8A7F837903B167912F749C75A1D15CF209929","not_individually_verified"
"reference/funcs/getMldovsCountingMark_vsdlss.c","getMldovsCountingMark_vsdlss","009fce70","1d","19","33828C5D302BC684AA159FD929E919A540099475760BCD6CFC78FFA95EBDA70B","not_individually_verified"
"reference/funcs/getMldovsPartQ_vsdlss.c","getMldovsPartQ_vsdlss","009fce90","8f","35","752551B6335B9E74A48DC88F4C06250B61017E3A413A415CC4F4E9432A5178CB","not_individually_verified"
"reference/funcs/getMyThreadIndex_vsdlss.c","getMyThreadIndex_vsdlss","009e1120","42","34","171F1CCA35E07A9CE358FDA7D26B407512C589FCDEACEF0FFDE8745AEE8BDD70","not_individually_verified"
"reference/funcs/getNBlocksPartFact_vsdlss.c","getNBlocksPartFact_vsdlss","00a1ab50","64","41","34078BDA917CF6041CAD3B16FB1E423DE006E142AB8C3AEE94366C12D662F5D3","not_individually_verified"
"reference/funcs/getNextChunkRead_vsdlss.c","getNextChunkRead_vsdlss","009e3260","e4","34","60EB217939248FC25FB328310A371CA2429C18B41FC2653C5DE92874A8DD8144","not_individually_verified"
"reference/funcs/getNextFromTo_vsdlss.c","getNextFromTo_vsdlss","009f4390","96","33","0B01DE1276894F36A42321BC04B31A975CEFDDD1D6868EAB01B96000C14754D9","not_individually_verified"
"reference/funcs/getNextFromToOffDiag_vsdlss.c","getNextFromToOffDiag_vsdlss","009f40e0","c0","35","8B1D0319F96B49D89DFF438272D599969F93072F6B882BA29C63545FBAFDAA9A","not_individually_verified"
"reference/funcs/getNonZerosInFactLForVsdlss.c","getNonZerosInFactLForVsdlss","00a12a20","9","14","433E9177DF9A4D560643BAFDB42C656E4B7130DA32678509471399A432A3C43F","not_individually_verified"
"reference/funcs/getNRowsFactLForVsdlss.c","getNRowsFactLForVsdlss","00a12a00","7","14","861132127A2E6CDDE4FEA5637F4187B2B290AE527F8E9032B9E04E0E882E3744","not_individually_verified"
"reference/funcs/getNumDecimalDigits_vsdlss.c","getNumDecimalDigits_vsdlss","009d9800","3e","24","D2DDB8C9D5EE070B95E31EB84E68EF0816C80FA2150AE194416F692DF2A24155","not_individually_verified"
"reference/funcs/getNumJobsInJrt_vsdlss.c","getNumJobsInJrt_vsdlss","009f6150","28","23","3FDBC63AC38B91B56CFE3F931EF794A1EB16106D06ED8A48594AAC2829527121","not_individually_verified"
"reference/funcs/getPf3Save_vsdlss.c","getPf3Save_vsdlss","00a0f820","8","14","BE1F17A672736F9C9A40E7370227C8D65C24E8568D05A92393040E30B9588441","not_individually_verified"
"reference/funcs/getPfDeg1Deg2PartRes_vsdlss.c","getPfDeg1Deg2PartRes_vsdlss","00a0f830","8","14","C73EAF45777CB4FC6BD03E727B8A2C6377F5B2DCEB8F29B119476E0A87DE4A93","not_individually_verified"
"reference/funcs/getPfDeg3PartRes_vsdlss.c","getPfDeg3PartRes_vsdlss","00a0f840","8","14","8167E7E22D2D8A9C9928E6D2DE776319647F499EE8EBE8CA17330336B32BD583","not_individually_verified"
"reference/funcs/getPfPtrsVsdlss.c","getPfPtrsVsdlss","00a0f8c0","1f","17","87B0E40BA557A0184DDC820ED118F5A139CCF113784AC0B211BEB7982E5F4372","not_individually_verified"
"reference/funcs/getPfReducedResult_vsdlss.c","getPfReducedResult_vsdlss","00a0f860","8","14","3870317577B31CE4C7A0EE358195FDD0607C81FA9E2B661ADBE1D7263E65E393","not_individually_verified"
"reference/funcs/getPfReducedRhs_vsdlss.c","getPfReducedRhs_vsdlss","00a0f850","8","14","BA8FE1A1CF5524D6FDFB0A743D031D70E7D0D70CD4CAEAEEA18604F8FDAFDF1A","not_individually_verified"
"reference/funcs/getPfReorderVecSave_vsdlss.c","getPfReorderVecSave_vsdlss","00a0f7e0","8","14","5E0FAC6A0FC8F58B44C59313D7B11FE1B0CCFB8279235095112D55A357A7A067","not_individually_verified"
"reference/funcs/getPfSave_vsdlss.c","getPfSave_vsdlss","00a0f800","8","14","92657F680A99C9927CE6D5DF3BE0E79D78796867BFCDAF05D650F60E37C0AC58","not_individually_verified"
"reference/funcs/getPfTag_vsdlss.c","getPfTag_vsdlss","00a0f7c0","7","14","00D2ACCAA0AD92947CE6D4B132B10C4D9C58706E82F1AC8C756D2F603FFD597C","not_individually_verified"
"reference/funcs/getPppiPtrsVsdlss.c","getPppiPtrsVsdlss","00a08d40","15","16","2AF7EA57BC0CE3D61EE387EE3EF1D58768D37862ADA7628F5960AA2A2D69B2DE","not_individually_verified"
"reference/funcs/getReduceProblemSizeF_vsdlss.c","getReduceProblemSizeF_vsdlss","00a12820","7","14","687323BE527FC4D109C29F6F7D96AA9C3B606BE345D683C4B1B8147B92CC8730","not_individually_verified"
"reference/funcs/getRootsInElimTree_vsdlss.c","getRootsInElimTree_vsdlss","00a27e80","55","40","1145899779CD2B3904E6B561F98F8CB46FAB44B5D133CD83B0DF4B74D36654E4","not_individually_verified"
"reference/funcs/getRowToBlockVec_vsdlss.c","getRowToBlockVec_vsdlss","00a1b0b0","5d","36","1EB16C4303B531CE0BD28A2D23A900203FA75D9472B0D6BDB3C1FE171B280882","not_individually_verified"
"reference/funcs/getRsetAndMarkVecs_vsdlss.c","getRsetAndMarkVecs_vsdlss","00a1a310","158","59","B32DD2689A30D9A6F832F7CD3EC819504372E5E7F36588092F0D3A4CC6AF1512","not_individually_verified"
"reference/funcs/getSearchIndices_vsdlss.c","getSearchIndices_vsdlss","009e8d40","1b6","76","11AAFB4C6A53A60687164A95886B9B90043BEF6150D330DBD2E451EA6D837D70","not_individually_verified"
"reference/funcs/getSearchIndicesSorted_vsdlss.c","getSearchIndicesSorted_vsdlss","009e88a0","cb","40","1DBB460918F30107085DE6955EE48729DF601FBAB27219501AB76BA35973EF9C","not_individually_verified"
"reference/funcs/getSortedOrder_vsdlss.c","getSortedOrder_vsdlss","009e6a00","11f","53","0FD5C5C31F1B182A004ED4DE6C6892ED9FE6FDB5A57D916874F69CE601C4D78E","not_individually_verified"
"reference/funcs/getTagCurrSizeBytes_vsdlss.c","getTagCurrSizeBytes_vsdlss","009fbc00","d","14","62C80D02886E0549023283416C6F3B136654D0AFAD557CEDB0E64C192581312C","not_individually_verified"
"reference/funcs/getVsdlssLinkedF_uwrapper.c","getVsdlssLinkedF_uwrapper","00a2f8d0","6","14","AEB3C028D3F7AA9D4B8E2FBA3A8E709E7DE8A887DD8E1DDB30055D37379CF8FD","not_individually_verified"
"reference/funcs/handleIsolatedVarsInDiagVec_vsdlss.c","handleIsolatedVarsInDiagVec_vsdlss","009dcf20","3f","35","62F61A7F19003C89F5B30212625FBAE2DDDBB41A01BC9776DF4F3983D8526BAA","not_individually_verified"
"reference/funcs/handleIsolatedVarsInEa_vsdlss.c","handleIsolatedVarsInEa_vsdlss","009dcf70","44","35","B544A3E5F2F5EA2AE5663F3BED05E0EDF7D6034B64292CC0FECB782C8BCEA67C","not_individually_verified"
"reference/funcs/hashBucketEmpty_vsdlss.c","hashBucketEmpty_vsdlss","00a2f8b0","19","16","23DDBDBB10DB318F92692A4F98EBA81BE9BE6CB39ADD389B8908F24312313ADF","not_individually_verified"
"reference/funcs/infINorm_vsdlss.c","infINorm_vsdlss","009d7f50","45","38","7A52D1B79651E33E5E5C0463415A4DEE89D967E5DFFE95A9FEB01450621C8CFF","not_individually_verified"
"reference/funcs/infNorm_vsdlss.c","infNorm_vsdlss","009d7ec0","83","50","DEA72F183A9849E0B9CDF8234BDAE4E9ED26CE547B4B12403D040D7121219E0A","not_individually_verified"
"reference/funcs/initAStack_vsdlss.c","initAStack_vsdlss","00a1e6f0","8","15","1CAD7430B078AE3064EE35CC53B125F107FFFF5DBD9E6B3BA6652310A1A4688B","not_individually_verified"
"reference/funcs/initBpq_vsdlss.c","initBpq_vsdlss","00a1ecd0","62","26","2535092D36A09F37033DA64C296CE5E59A6A22F1FEA5565CFEF80A0BCAB4F8D7","not_individually_verified"
"reference/funcs/initCasiMallocFree_vsdlss.c","initCasiMallocFree_vsdlss","009dd310","42","21","1A865E72B9170D9C5994FC3DB750230881E4CC80E142A966F758124B8ED760B0","not_individually_verified"
"reference/funcs/initCelFreeStructures_vsdlss.c","initCelFreeStructures_vsdlss","009e1f70","37","20","9E95DC68C7FC1C3B2FCB70F9564095F1EF89499D0D16D5EBC9E12D61F7BD203B","not_individually_verified"
"reference/funcs/initChunkRead_vsdlss.c","initChunkRead_vsdlss","009e2fc0","b4","28","CF832E98118DA6255AF8A12DF1B048D1CE7EA677E140EADF6CC96CBA545BD455","not_individually_verified"
"reference/funcs/initChunkWrite_vsdlss.c","initChunkWrite_vsdlss","009e2c90","d4","33","C0C9AF10DC412E019EEAD3893387465E93BBE54779CBA7062F3D31A13093F0E2","not_individually_verified"
"reference/funcs/initCountingMark_vsdlss.c","initCountingMark_vsdlss","00a1f1b0","1a","17","F89C48E8C604C4051CFACEA9664A4DAD643F97EAAF48764F42E75B2FC6D2A1A0","not_individually_verified"
"reference/funcs/initCplFreeStructures_vsdlss.c","initCplFreeStructures_vsdlss","009dd2a0","37","20","DF2D1414AEB2950090AC41D6630FAA95652E0698A0DBB7CEBF4EEAB91635EE3B","not_individually_verified"
"reference/funcs/initCVector_vsdlss.c","initCVector_vsdlss","009d7b30","1e","23","FB8C6D97E347678E598142AC3E42E3D70194CFCF8AAD90162B9A43ADDA6AAC47","not_individually_verified"
"reference/funcs/initErrorMutex_vsdlss.c","initErrorMutex_vsdlss","009e7be0","2","14","00AE358E75B7909B268B043609EE259FE584E06FB1335B580F029BA679AAF96A","not_individually_verified"
"reference/funcs/initFactorOneChunk_vsdlss.c","initFactorOneChunk_vsdlss","00a16410","2d7","135","60BF74B84973218757CC34404E4D23C3E44029C1BFDF8F7E64015F505F45F6CE","not_individually_verified"
"reference/funcs/initFManager_vsdlss.c","initFManager_vsdlss","009f34f0","d5","43","83E21F916840D1A51848A171429338A9412CC1BCFD98252EA377B0A6D76F9AE9","not_individually_verified"
"reference/funcs/initFVector_vsdlss.c","initFVector_vsdlss","009d7b90","20","23","DE0F1E07957AF5274DDE37F1FC933B2F818546269E721F4A1DCF7AF0B1E7DEB0","not_individually_verified"
"reference/funcs/initIndistNodeSets_vsdlss.c","initIndistNodeSets_vsdlss","00a221f0","49","34","27CEAD501035B0CBAAD343075E2294B3B4384E074CC079D73A5948720B328848","not_individually_verified"
"reference/funcs/initIPVector_vsdlss.c","initIPVector_vsdlss","009d7b70","1f","23","DC0FA2796EF16A63644D8C6C04C3E337F8939BD2F05AF8614542B24B359A9ED1","not_individually_verified"
"reference/funcs/initIVector_vsdlss.c","initIVector_vsdlss","009d7b50","1e","23","0C6368C80B0FE05F132B22F6269755F916A72F5BCD93F56C9AC808D6F3831C4F","not_individually_verified"
"reference/funcs/initJobReloadManager_vsdlss.c","initJobReloadManager_vsdlss","009f6110","36","24","436084FD346AD7F29336277BD75D552FD069DBE16D91E1145CC24BDB665365E6","not_individually_verified"
"reference/funcs/initLabelVec_vsdlss.c","initLabelVec_vsdlss","009d8c30","1f","24","4B1DA059A916A4B881FA8457E580EB2F675C401C46EDEC2B2C8FEDEC3FB6D2E0","not_individually_verified"
"reference/funcs/initMemManager_vsdlss.c","initMemManager_vsdlss","009fbac0","e0","47","7BB84D61385F4537A2438C63F4D23FBE47C155D0518EE94BBB0FF37DC918909A","not_individually_verified"
"reference/funcs/initOrderSelector_vsdlss.c","initOrderSelector_vsdlss","009e7930","5d","27","01FC8935A339D4366A6968D0B87CD8040C3AA9983EEF328C9ED5CA9807963A73","not_individually_verified"
"reference/funcs/initOutOfCore_vsdlss.c","initOutOfCore_vsdlss","009e79c0","5e","27","623086D8A594D59B8B402EDFCAEC82F2B083C8C136B33CC95D217C665104C18F","not_individually_verified"
"reference/funcs/initQ_vsdlss.c","initQ_vsdlss","00a0d6e0","e","16","0DCE8EEEC502D5B7EFDAB45F1C2D5B8B4FD095358C121682C48EE0C95FBCF79E","not_individually_verified"
"reference/funcs/initRandPermMutex_vsdlss.c","initRandPermMutex_vsdlss","009fbd10","2","14","6214621B7EFE193F98F160A693C376E3FB068CD7194CED93984554EB9A3981EA","not_individually_verified"
"reference/funcs/initReadFromTo_vsdlss.c","initReadFromTo_vsdlss","009f41b0","7e","25","D6AD6AB02081AC0CFAA8CE1B6040696A2B2A13E07457BA71C7F0F58C490CA161","not_individually_verified"
"reference/funcs/initReadFromToOffDiag_vsdlss.c","initReadFromToOffDiag_vsdlss","009f3e70","b6","30","791D838455B31B25710BFCB8B847B684E257004F47989B4B758E34E3F9097A7B","not_individually_verified"
"reference/funcs/initSolveInMem_vsdlss.c","initSolveInMem_vsdlss","009e7ad0","5d","27","A054EB15B9BFE4CE2DE99355A4E6CC88C488D56DE05D347EBA7ED3DFAF85AAE5","not_individually_verified"
"reference/funcs/initStatic_casimalloc_vsdlss.c","initStatic_casimalloc_vsdlss","009dd210","16","18","1D93BFABE54765A9B36D173B32BD264012599FC2B9EF9CDE228EACDE73B9B169","not_individually_verified"
"reference/funcs/initStatic_celutils_vsdlss.c","initStatic_celutils_vsdlss","009e1ef0","b","17","C30DF99A5FF75C7BEF42E1F5C2E317CA9258F1077BBD877438B6C1E7919EA4CB","not_individually_verified"
"reference/funcs/initStatic_memmanager_vsdlss.c","initStatic_memmanager_vsdlss","009fb380","22","17","0B647097B4B5BD5D35A6021F18E95511420F21BDB321C7617D10868E031BB839","not_individually_verified"
"reference/funcs/initStaticVars_vsdlss.c","initStaticVars_vsdlss","009dce50","17","17","AA122BC261C60B4437A4D31EC2383862BE8F226EEF340868325FB10C88E59B2F","not_individually_verified"
"reference/funcs/initTime_vsdlss.c","initTime_vsdlss","009d7900","10","16","185B3AE82030EAA367E688C2E070091BF21B5875D0DFE8EAC726E607E8A4C34D","not_individually_verified"
"reference/funcs/initVector_vsdlss.c","initVector_vsdlss","009d7b10","20","23","92944C7061F390FED2136074E3FF21D45A234559291207453C6DD0E7B0A90A8C","not_individually_verified"
"reference/funcs/initWriteFromToOffDiag_vsdlss.c","initWriteFromToOffDiag_vsdlss","009f3c30","c2","29","5649CA567ABD0EF87D154E33F9E7D1A17756259B7EDB060D898301E22EA9DCBA","not_individually_verified"
"reference/funcs/innerProduct_vsdlss.c","innerProduct_vsdlss","009d7d40","36","30","2B7B21566F3F969510A851041487DF1F5B081F8C1605570F77915D5440AA0C97","not_individually_verified"
"reference/funcs/insertIntoHt_vsdlss.c","insertIntoHt_vsdlss","00a2f880","2b","20","447D159CD3A4A4F0562B05FB81C7BCAF982706734B696042D131DBF58E6C2F8B","not_individually_verified"
"reference/funcs/insertJobIntoJrt_vsdlss.c","insertJobIntoJrt_vsdlss","009f6450","ac","38","9FF8F43600C5F8C0EEB2F1D889E44C260CE533EB1B1A7742D9050186E9F4A94E","not_individually_verified"
"reference/funcs/invPermuteDVector_vsdlss.c","invPermuteDVector_vsdlss","009d92f0","2a","24","C067794AA4F3B85811481EF395974AEDAD821D4C72E66D35473AD6E0837DAE90","not_individually_verified"
"reference/funcs/invPermuteDVectorInPlace_vsdlss.c","invPermuteDVectorInPlace_vsdlss","009d9230","b6","42","3A35DF2BFF9911E27DF292328170F7706BEF321C68CE0CC13C0F9FEAC1AF03A1","not_individually_verified"
"reference/funcs/iterOrderDeg1Nodes_vsdlss.c","iterOrderDeg1Nodes_vsdlss","00a0f990","302","140","0B21401909D4FC2A017D5D6FE0985D02371D1FA6241C1D1722B66AA5F09E7BED","not_individually_verified"
"reference/funcs/labelWithReps_vsdlss.c","labelWithReps_vsdlss","00a0a020","119","89","B99A0CE63ABE3DA2D5C842798A8D8E852FC3337BA369A6975B3EE292C9CA7B1F","not_individually_verified"
"reference/funcs/loadJobFromDiskJrt_vsdlss.c","loadJobFromDiskJrt_vsdlss","009f67d0","1dc","81","BC94B868A7950FADC9E9C50E42271B52661F26BD183DE38933796065030DAAB6","not_individually_verified"
"reference/funcs/lookForFirstFit_vsdlss.c","lookForFirstFit_vsdlss","009fb3b0","6a","34","9202250C11BFFAA6243C69FF9A9AACA6B530D186A43936702DF51641B80B6E7E","not_individually_verified"
"reference/funcs/lookForFitInLastStdBlock_vsdlss.c","lookForFitInLastStdBlock_vsdlss","009fb420","3f","23","43347D933AC713A5733B3C34DA1B540604F07A7E84C866260B40D0886907A960","not_individually_verified"
"reference/funcs/mainMat_vsdlss.c","mainMat_vsdlss","009d4da0","1a3e","850","D15AAD3C5EDF1F07DBD5CEF9F8F0A99722150300D318815FB286C50EECCCFA13","not_individually_verified"
"reference/funcs/mainSpice_vsdlss.c","mainSpice_vsdlss","009d6820","d9b","456","B9C9F6225274892B4E6BE3237FCCCD96F019BF9B59207D3A1643A56F9DE5E854","not_individually_verified"
"reference/funcs/makePartFactTrueCholesky_vsdlss.c","makePartFactTrueCholesky_vsdlss","00a1a960","aa","51","CEACDC82DB1B3763F175A7A390E66BF6BCBEF564E99BF81630C9E82FA7BDA47F","not_individually_verified"
"reference/funcs/markCountingMark_vsdlss.c","markCountingMark_vsdlss","00a1f320","44","23","6991B4EC0A3BE87288F1706C10E049D729931F81D2C18CD2BEFC86CBA213DD58","not_individually_verified"
"reference/funcs/markListMark_vsdlss.c","markListMark_vsdlss","009f6ae0","76","38","F24E37270EA4CF700FE4DE7B464721B1474DCED7A07E7DB29BC8962F7B23F8E1","not_individually_verified"
"reference/funcs/markNodesInList_vsdlss.c","markNodesInList_vsdlss","00a0ffa0","22","25","F4FA877DECA7C9177CD6731CF828FCF06825328946F80D79B929BBD1CD4F1F52","not_individually_verified"
"reference/funcs/matMatMult_casi_vsdlss.c","matMatMult_casi_vsdlss","009ebc20","8d","36","E7E0699324FFB3F1A4B7377E69D3F276CC9112D0E83A87ABDE8F5FCE4A4AA90E","not_individually_verified"
"reference/funcs/matMatMultSrcExtLEQ6_casi_vsdlss.c","matMatMultSrcExtLEQ6_casi_vsdlss","009ec860","99d","252","BB673C78D0973283546490796046720FFC1AA128C170915B838873A1A3CB4468","not_individually_verified"
"reference/funcs/minDegreeOrder_vsdlss.c","minDegreeOrder_vsdlss","00a27da0","db","41","A1E5FE9DACE69C4E7425A103EEB61CBE11D5AC9A5ABD38C0D4CE89668B5746A3","not_individually_verified"
"reference/funcs/minDegreeOrderArr_vsdlss.c","minDegreeOrderArr_vsdlss","00a25f70","1e3","60","35CD38EA5F5FD2DB93A5315EBA0065AC481D206D823610E6C2B5C4EC36769509","not_individually_verified"
"reference/funcs/minPq_vsdlss.c","minPq_vsdlss","00a2c9f0","23","20","52C00DFDBDC220D3CBA5A78C4E2766DF8A0453B25A4C6F77FCF3EC2AD2ECD055","not_individually_verified"
"reference/funcs/minPqCost_vsdlss.c","minPqCost_vsdlss","00a2c6f0","22","20","8475542325A85355F6E420886C307BB193F143540989B0ED79A52F7331716673","not_individually_verified"
"reference/funcs/minPqiCost_vsdlss.c","minPqiCost_vsdlss","00a0cce0","33","31","BC9A8C605B90DA8D52719DA99D15D6CB43012C6A8A212DD520B3C3E15122ECB9","not_individually_verified"
"reference/funcs/minPqiCostNonLexicographic_vsdlss.c","minPqiCostNonLexicographic_vsdlss","00a0ccb0","22","20","6BD1375E3771264140E473D1176A7D8A6EDB53B9D87B0ECB60068EE2DDD69810","not_individually_verified"
"reference/funcs/MLDAdjustCompStarts_vsdlss.c","MLDAdjustCompStarts_vsdlss","009fd5c0","25","23","570B6D15DF81F7C7BA4C9A5354FEFCC3C0C008459F64EBC37A460ACB60466EF3","not_individually_verified"
"reference/funcs/MLDBalance_vsdlss.c","MLDBalance_vsdlss","009ffb20","79","30","857DA1A8FE578C364DC09CF807592EE9160677869262CB9E8CC54072E5558C6B","not_individually_verified"
"reference/funcs/MLDBuildBpqArrUseMacro_vsdlss.c","MLDBuildBpqArrUseMacro_vsdlss","00a28590","1a4","89","88389D20D020D7B7EC5D2CB5958D4E46A1DB7B3B59935503F7BB4A99E699422C","not_individually_verified"
"reference/funcs/MLDcheckForProperReordering_vsdlss.c","MLDcheckForProperReordering_vsdlss","00a02e10","118","62","22F205409CCC19676EDE3AD75CEEC94B9EC93915F52F50AFC5E97A1FA56B0277","not_individually_verified"
"reference/funcs/MLDCoarsen_vsdlss.c","MLDCoarsen_vsdlss","009fee40","b8","40","5C859811733071CDC702170A18625B1E149A5345D6EE5B220DF3F82E7A3B32F4","not_individually_verified"
"reference/funcs/MLDCoarsenOneLevel_vsdlss.c","MLDCoarsenOneLevel_vsdlss","009feca0","18d","59","F0F01889D37B32FF19782134F9D2FAD8089AB9E9E5691DAA9D8BDCC0433D37FE","not_individually_verified"
"reference/funcs/MLDConvertCoverToSeparator_vsdlss.c","MLDConvertCoverToSeparator_vsdlss","00a01cc0","29","25","28784C9C4E9E274E7EFD3B1E75F7B76C4A5E62D184DF3549013D0F7823DB8020","not_individually_verified"
"reference/funcs/MLDConvertEdgeSepToNodeSep_vsdlss.c","MLDConvertEdgeSepToNodeSep_vsdlss","00a02cc0","e9","48","8216FEB2E62DCEA33CDD6FAF978597836CF4E9548559B9768B41470AE2C0B641","not_individually_verified"
"reference/funcs/MLDCreateCoarseGraph_vsdlss.c","MLDCreateCoarseGraph_vsdlss","009fe160","5d9","261","49381088752A31658775C2010B7441DF5B3B0747E8D9E9F4D95A0CE8BCBBB59B","not_individually_verified"
"reference/funcs/MLDElimIndistNodesArr_vsdlss.c","MLDElimIndistNodesArr_vsdlss","00a28f50","619","233","4A3016F631F5BC764E29A3A92B6ECE5AACB8D707E35E0BCE91D660567DF3586B","not_individually_verified"
"reference/funcs/MLDElimIndistNodesArrStub_vsdlss.c","MLDElimIndistNodesArrStub_vsdlss","00a29b60","46e","188","1FFE40B91F76477BCF626030B78AF7AFD2169FD9BFF4BA238D4296647899A592","not_individually_verified"
"reference/funcs/MLDFindDegInElimGraphArr_vsdlss.c","MLDFindDegInElimGraphArr_vsdlss","00a283e0","19c","83","AA9572E0784F08C30D9E0AE5704D956DE0A45B7D347592BF71940F92C14EFCCE","not_individually_verified"
"reference/funcs/MLDFindElimNodeIndistSetArr_vsdlss.c","MLDFindElimNodeIndistSetArr_vsdlss","00a28de0","159","82","86611E9EC08B6FE13BE214D82F8F1A2FFEA90F636027CDBA3DFA757239466A28","not_individually_verified"
"reference/funcs/MLDFindIndistInSupAdjArr_vsdlss.c","MLDFindIndistInSupAdjArr_vsdlss","00a2a750","4f7","228","9BC2E959488FE12F14A6FEF21E378DDD5F333757BC23C9AA4F4ED0868D27A693","not_individually_verified"
"reference/funcs/MLDFindNewRoot_vsdlss.c","MLDFindNewRoot_vsdlss","009fef00","67","50","6F7302102DA45094965874049EAB1166775C427D982E48A23611BA71CEE99A6D","not_individually_verified"
"reference/funcs/MLDFindPartition_vsdlss.c","MLDFindPartition_vsdlss","00a00d50","114","71","F996EAFF2632BE6CB12B673A39C52BEF46C4FE9888AD1C8AD6FE192484B664E7","not_individually_verified"
"reference/funcs/MLDFindReachArr_vsdlss.c","MLDFindReachArr_vsdlss","00a28750","1ee","94","6DF9F416D53B1AED7FE00D73EC390DF303EB12D2F00955F6112CC9E14CDF8673","not_individually_verified"
"reference/funcs/MLDFindWithPathCompression_vsdlss.c","MLDFindWithPathCompression_vsdlss","00a28040","a2","47","101F78C7E62D1C29A1FFF79180EF66E5B7BF086DE0F8C4AC1A4A39168E9FBEF7","not_individually_verified"
"reference/funcs/MLDFinishReordering_vsdlss.c","MLDFinishReordering_vsdlss","00a2ad50","dd","56","3EBA3479A62F4C7A62C527B71EF8BF07D53990796FB9ECC92A29DFB2C9CB769D","not_individually_verified"
"reference/funcs/MLDGetALine_vsdlss.c","MLDGetALine_vsdlss","009fbd30","52","27","E4C6CD2B94E5B339950E03219FE185A3E0BA2B7786A6B2BBB8FD202D8825F0C6","not_individually_verified"
"reference/funcs/MLDGetBiPartiteGraph_vsdlss.c","MLDGetBiPartiteGraph_vsdlss","00a00e70","37a","147","A7FB5BE5D5F0F3DEB9E189B8F368FED124AA76E8ED1DBF80492C58C6278325D5","not_individually_verified"
"reference/funcs/MLDGrowRegionBalanceRefine_vsdlss.c","MLDGrowRegionBalanceRefine_vsdlss","00a006f0","2b0","113","0FB2C50C30C3988B90CCC840E428C4CFAB6F596896307FB0EB5558E77E57754E","not_individually_verified"
"reference/funcs/MLDInitPartition_vsdlss.c","MLDInitPartition_vsdlss","00a009c0","211","125","C4EF5F9D50E0F31EE7D3CFD5E8C8868A2AC3DF41861B9A79C385B72D9738535C","not_individually_verified"
"reference/funcs/MLDInitRand_vsdlss.c","MLDInitRand_vsdlss","009fbd90","12","19","A57C5F01E00FE91426080AA0F98C2E18790C4E3B567535EC5AF8D4664A72C2AE","not_individually_verified"
"reference/funcs/MLDMarkInCMNodesInArr_vsdlss.c","MLDMarkInCMNodesInArr_vsdlss","00a28da0","32","29","E5A7C5BDA9EE60FB70CDB7E48B2DD6B084D6F97416157998B480345DDEB6155B","not_individually_verified"
"reference/funcs/MLDMinCover_vsdlss.c","MLDMinCover_vsdlss","00a01770","532","194","7B55CCB9C31E5DB60FB54F0D845937186CEBF0F317ADFB4B12214107272FF8FB","not_individually_verified"
"reference/funcs/MLDMinCoverAugment_vsdlss.c","MLDMinCoverAugment_vsdlss","00a011f0","11b","58","C98354C75F593212BFDCCD1F2157A06FFC887C77E961CA6F7865C41BB637AAEA","not_individually_verified"
"reference/funcs/MLDMinCoverDecompose_vsdlss.c","MLDMinCoverDecompose_vsdlss","00a015d0","18c","76","95DCB704BD2D7B61FB17804F9CD7BC96C36342DA50EE860C0829193028C1C2CE","not_individually_verified"
"reference/funcs/MLDOrder_vsdlss.c","MLDOrder_vsdlss","00a07db0","210","69","D777502062ED18107DDBDB5C7DAA56C6DDDA1E6FCFB54E8585406F1F9E6B1EB4","not_individually_verified"
"reference/funcs/MLDOrderInternal_vsdlss.c","MLDOrderInternal_vsdlss","00a059b0","704","192","6481547467A4E6EB1F4A5FB82123D46834659C19922FFDB764B30006BC7FAFA1","not_individually_verified"
"reference/funcs/MLDPerformBFSForSets_vsdlss.c","MLDPerformBFSForSets_vsdlss","00a01320","298","117","EA7F23FDFBB331AC6CCC602BD0C888086BBCB5C9AB9711EE336BBD35A46CFF10","not_individually_verified"
"reference/funcs/MLDPushComponents_vsdlss.c","MLDPushComponents_vsdlss","009fd5f0","1a4","76","DFA35FA3B327183849B148054E12FBB780C7D3E88BBB0F4D1207473DCF2387CA","not_individually_verified"
"reference/funcs/MLDRandomPermuteVector_vsdlss.c","MLDRandomPermuteVector_vsdlss","009fbdb0","c","18","9EC6435A5D3D57FA83E7CE6A2D60A088DA6D2372D3F0948C5B2C50DA3E805013","not_individually_verified"
"reference/funcs/MLDRemFromBucketMarkInBpqNodesInArr_vsdlss.c","MLDRemFromBucketMarkInBpqNodesInArr_vsdlss","00a2ac70","d2","68","1EE6CB9260F3C29B8633E3DD766B32CB393DF9FEF7891F20BAEB01E8F86F8508","not_individually_verified"
"reference/funcs/MLDRMMatching_vsdlss.c","MLDRMMatching_vsdlss","009fda20","175","94","81D5066C6323415F7F7A74AC9048901F5E59043B293AA1286B0AE8932CB47954","not_individually_verified"
"reference/funcs/MLDSetAhtVecsToNull_vsdlss.c","MLDSetAhtVecsToNull_vsdlss","00a28000","31","20","8F239F3FB8F40B7D564AE40968B448A54382936FE0A80A5C9C8C62A22D990361","not_individually_verified"
"reference/funcs/MLDSHEMMatching_vsdlss.c","MLDSHEMMatching_vsdlss","009fdd10","205","106","5307ED9065A58B7D7706A3C00F8E1B48C5CD7E6EABE6C4027788DDD7ED0A3696","not_individually_verified"
"reference/funcs/MLDTagNewAhtUseVecs_vsdlss.c","MLDTagNewAhtUseVecs_vsdlss","00a27ee0","11d","64","281FF4C3AC9315E054EB2A00AFD2DA25B92BD6E6A63B80B46B0B45A0424F4DC6","not_individually_verified"
"reference/funcs/MLDUncoarsenPartIdVec_vsdlss.c","MLDUncoarsenPartIdVec_vsdlss","00a00bf0","74","41","DA55AC6F8C2A09A3C9BD3398F23A7C5FD8C91E47508884E7DC554B0DD18E4971","not_individually_verified"
"reference/funcs/MLDUncoarsenRefine_vsdlss.c","MLDUncoarsenRefine_vsdlss","00a00d00","43","25","3DA1759DCBFFA755312DAF2A2C102EC6A07CB7895E4AC9BC4CA4F3DE10B41A18","not_individually_verified"
"reference/funcs/MLDUncoarsenRefineOneLevel_vsdlss.c","MLDUncoarsenRefineOneLevel_vsdlss","00a00c70","85","29","8432E7643815967CB0299DDDC7063DE0E95FBE3F56F472BA41EEAC5EF5420BBC","not_individually_verified"
"reference/funcs/MLDUpdateNodeAdjArray_vsdlss.c","MLDUpdateNodeAdjArray_vsdlss","00a28100","2b1","123","AB638E4E6A1537C13029675485FA0C32D7D0679D1BE64FC743A7E22C9FD8E524","not_individually_verified"
"reference/funcs/MMDFromMLDStub_vsdlss.c","MMDFromMLDStub_vsdlss","00a2b700","4ce","152","E07427BF19287DAAB904DC9860CB9ADDD22254BCEB983D636BFED2E82A9E176C","not_individually_verified"
"reference/funcs/MMDFromMLDStubNew_vsdlss.c","MMDFromMLDStubNew_vsdlss","00a2c140","44a","181","C9FCD452A3B6BD4A96CDF4B9CC8EE74320C375B97FE6A8642FD1E6ABDBF1309E","not_individually_verified"
"reference/funcs/moreInPq_vsdlss.c","moreInPq_vsdlss","00a2c9e0","4","14","F9803059D20499CEB542830F2E65BD42E2327F33E570924B0361472F2BBC19E0","not_individually_verified"
"reference/funcs/moreInPqi_vsdlss.c","moreInPqi_vsdlss","00a0d040","4","14","F41032460622900C690F50799EBCD2E505691D8A51DE96FD9D2C6B920BE6FD26","not_individually_verified"
"reference/funcs/multipleSaxpy1by6_vsdlss.c","multipleSaxpy1by6_vsdlss","00a1bf40","32b","151","14E1E879540C92164CB974455E7C22270159BC9AF536182B737773038A8C761D","not_individually_verified"
"reference/funcs/multipleSaxpy2by6_vsdlss.c","multipleSaxpy2by6_vsdlss","00a1c2a0","554","200","7731546EF74BA5BC07721676A9C3107B6FCDF95AB30BE879A446C82489ED07CC","not_individually_verified"
"reference/funcs/multipleSaxpy3by6_vsdlss.c","multipleSaxpy3by6_vsdlss","00a1c830","7f2","250","45ED400E558C7D4E0E57CDBD7B1B4CD48B9085D8CD4F7958D222006C5231A6B4","not_individually_verified"
"reference/funcs/multipleSparseDenseSaxpy1by6_vsdlss.c","multipleSparseDenseSaxpy1by6_vsdlss","00a1d040","34e","187","9241D23A945F96CA7B848A934417DD0DE0FA8AE6863267514CAE438C2C323F70","not_individually_verified"
"reference/funcs/multipleSparseDenseSaxpy2by6_vsdlss.c","multipleSparseDenseSaxpy2by6_vsdlss","00a1d3c0","59b","248","08A9C4ABA41A69182E8FA5F67D43C443E3A1862A16E3A3050B0CC039D37574A8","not_individually_verified"
"reference/funcs/multipleSparseDenseSaxpy3by6_vsdlss.c","multipleSparseDenseSaxpy3by6_vsdlss","00a1d970","82b","297","594F72B00025F9484B50A87360FD8ED053E2B1C432F3031813EE607A43D5EFD4","not_individually_verified"
"reference/funcs/myIntegerCompare_vsdlss.c","myIntegerCompare_vsdlss","009d78e0","12","20","3C5D09EEBEC26E631A9E1CC1E0E04AB8E198852CF9184FD4B37699EA7D47E826","not_individually_verified"
"reference/funcs/newAffectedByChunk_vsdlss.c","newAffectedByChunk_vsdlss","00a1be50","9f","40","2180407CEB1E574F683A7C78840295DAD4A83149F7C9DFFFE00784AD9C0DCBDC","not_individually_verified"
"reference/funcs/newAht_vsdlss.c","newAht_vsdlss","00a2f470","ea","64","36F0CADF517F617BC7961BC142D2024570726937125D782A9B7F359940A35C66","not_individually_verified"
"reference/funcs/newArrBucketArr_vsdlss.c","newArrBucketArr_vsdlss","00a1e1d0","9d","39","7EF8C78B51D61C1C9BC91C52984DB60C961E697DAB73B27662FEDDACDD95434B","not_individually_verified"
"reference/funcs/newAStack_vsdlss.c","newAStack_vsdlss","00a1e700","5a","32","9E329B5FBF7A13A53321A80CF77AC4E6FB2916DF4E573146BCFB91AF8C6BE478","not_individually_verified"
"reference/funcs/newBlock_vsdlss.c","newBlock_vsdlss","009fb460","213","85","D7812CE2CD7DCB03C8672CF3C0B0F93EE175EE4A33329A0FD5635914DB89A279","not_individually_verified"
"reference/funcs/newBlockInfo_vsdlss.c","newBlockInfo_vsdlss","00a1e9b0","85","34","53F282F4A90655419CA6C2D9F073A61CF27B225E87CA2BAA7F15B0F37E0AF59B","not_individually_verified"
"reference/funcs/newBpq_vsdlss.c","newBpq_vsdlss","00a1eae0","7f","32","7721B8F66966D6C1CEFEDE9E21936E6E7BEDC9BA372B23FAFAEF2CAA02DC919F","not_individually_verified"
"reference/funcs/newBpqHeaderOnly_vsdlss.c","newBpqHeaderOnly_vsdlss","00a1ebc0","54","26","46BF77AF2720504E9FBB637CE22AE7916E6DFBBE7BEBC876149EB4AD2AEA1636","not_individually_verified"
"reference/funcs/newCEdgeChunk_vsdlss.c","newCEdgeChunk_vsdlss","009e1f10","57","31","EEE67C2192B9E36E433E35B9A6EDCFA36834D79318E2A0E55B91E05010EEDD7B","not_individually_verified"
"reference/funcs/newCEdgelist_vsdlss.c","newCEdgelist_vsdlss","009e1fe0","65","30","0535F05BD0A8FDF5A90B2FC72AC806257EB04E1809A6843FB5965CAF131F888A","not_individually_verified"
"reference/funcs/newCEdgeVector_vsdlss.c","newCEdgeVector_vsdlss","009e2080","7a","32","13EE5E4645AC2CFB32B1C1AF63859E79DE3E576805BC03A30DB9E3D42C160447","not_individually_verified"
"reference/funcs/newCharPtrChunk_vsdlss.c","newCharPtrChunk_vsdlss","009dd240","57","31","DCD0CE7BF9FAEFBCDED3D02A3F46B92AD79569EF3E0877114ECA60C050090D01","not_individually_verified"
"reference/funcs/newCharPtrList_vsdlss.c","newCharPtrList_vsdlss","009dd360","67","30","C1688E02571190311529B51458A3A04347F1F92F7677A0FE84E1A56B984D744E","not_individually_verified"
"reference/funcs/newChunkInfo_vsdlss.c","newChunkInfo_vsdlss","009e22d0","175","70","1D9E1F1EE23083EE0EC30166084D3199F870435EEC34EB46356847B336659A79","not_individually_verified"
"reference/funcs/newCountingMark_vsdlss.c","newCountingMark_vsdlss","00a1f1d0","3b","22","F579C3CCD7F871598B0406E86B38AB52A4BDE51641100ED17D9184152AF5CB0C","not_individually_verified"
"reference/funcs/newCountingMarkHeaderOnly_vsdlss.c","newCountingMarkHeaderOnly_vsdlss","00a1f240","28","20","A5EB83A57A6322756138D34A60670C516A81A3510868574E2C9BDD265D0A48DF","not_individually_verified"
"reference/funcs/newCPVector_vsdlss.c","newCPVector_vsdlss","009d8170","7a","30","50FCBF72E1ACC76C6C102C40A99BF02377BD123932E8BAFAA88D2424CCEDC743","not_individually_verified"
"reference/funcs/newCVector_vsdlss.c","newCVector_vsdlss","009d80f0","72","28","785D1269727667BF6C513DD6F4A34FD967865F7F405591321EE5434E73DD6BC6","not_individually_verified"
"reference/funcs/newDeg1Deg2Pf_vsdlss.c","newDeg1Deg2Pf_vsdlss","009e34b0","29","20","F1A154649670140F8FC287A569F79462CB9BB3982BBD6EED5734DBFA0E9AB976","not_individually_verified"
"reference/funcs/newDeg1Deg2PfNoDiagVec_vsdlss.c","newDeg1Deg2PfNoDiagVec_vsdlss","009e3350","a7","42","67D888FB3922C4FF6CB8781253ADF7A9B0A66854D07C38AD70AA9E43898C1DAE","not_individually_verified"
"reference/funcs/newDeg3Pf_vsdlss.c","newDeg3Pf_vsdlss","009e3580","e0","44","6AAD5F1B2F1C9E4CE2A53F317B2FC1A2FFEE062D38D335782B07E23655D37A46","not_individually_verified"
"reference/funcs/newDoubleEndedQ_vsdlss.c","newDoubleEndedQ_vsdlss","00a2f5d0","36","23","EA9462722B97821A9AA85DA59C620B51F3533AA2B378F6653987AEFE0A24C044","not_individually_verified"
"reference/funcs/newDoublePtrVec_vsdlss.c","newDoublePtrVec_vsdlss","009d8940","51","23","D0C871D290332866642BFED826F3AA1DF544F5BE04E11D087AC63166AB17D0DA","not_individually_verified"
"reference/funcs/newDPVector_vsdlss.c","newDPVector_vsdlss","009d8560","7a","30","AAAC5EBD9BB6E71C63C16795C87F60B9D495ED4CC55245BFBCA9508CBCF083C9","not_individually_verified"
"reference/funcs/newElemArr_vsdlss.c","newElemArr_vsdlss","009e64e0","8c","35","850D15953729FDC6CF35E90E2FA77CE88BE603532454FFB8F53E563819781B35","not_individually_verified"
"reference/funcs/newElemArrHeaderOnly_vsdlss.c","newElemArrHeaderOnly_vsdlss","009e6570","57","27","DB6D143BC0F6A57102F9ADAEF399E84389235093B068D3FF556A0BAB0927F6F8","not_individually_verified"
"reference/funcs/newFactorBlock_vsdlss.c","newFactorBlock_vsdlss","009f21f0","9a","32","32A2EEF7BD095706676571442769D2E018F64E890454302B8A4F80142901AE03","not_individually_verified"
"reference/funcs/newFactorBlockHeader_vsdlss.c","newFactorBlockHeader_vsdlss","009f2170","7f","30","63CF364019A3D0CABC32B0B8FE48EA4ACDDDB5F45FC397CF2623DA5BBB5C1E79","not_individually_verified"
"reference/funcs/newFactorChunk_vsdlss.c","newFactorChunk_vsdlss","009f23b0","f8","45","02BB8BB90EA241EABBDB2DCE66C8A6CEB9AB90A51005C63978C7521C5628549A","not_individually_verified"
"reference/funcs/newFilePtrVector_vsdlss.c","newFilePtrVector_vsdlss","009d8290","7a","30","7E231D8DAF6767136421D0FAF86896263BC9F8AFE7D33E2A196BB46723E5FAB7","not_individually_verified"
"reference/funcs/newFloatPtrVec_vsdlss.c","newFloatPtrVec_vsdlss","009d89a0","51","23","B14AC3E7D29F21C4EEF35D6463E074F77D348ECEA7C5105C72079048514DEFF5","not_individually_verified"
"reference/funcs/newFPVector_vsdlss.c","newFPVector_vsdlss","009d85f0","7a","30","9F5E45F6D877BA63E9E1FC9404B99F166E6F9287C2DEB527BC9A8F7071355971","not_individually_verified"
"reference/funcs/newFVector_vsdlss.c","newFVector_vsdlss","009d8440","8b","30","F3DD44E26AB6DB0C31981EB987945DD6B598B31131DCDF2388419927D766AFEA","not_individually_verified"
"reference/funcs/newGraph_vsdlss.c","newGraph_vsdlss","00a07fe0","40","24","4F6443EB8F02C916C3C0709330156AF65BF56783739FFA91AC57B4A5168627AD","not_individually_verified"
"reference/funcs/newHashTable_vsdlss.c","newHashTable_vsdlss","00a2f7b0","33","21","F074CD8AB8BA2B8C268D60ABEFA7C60170C013D80B13A87D5DE87E02A48E987F","not_individually_verified"
"reference/funcs/newIndistNodeSets_vsdlss.c","newIndistNodeSets_vsdlss","00a21cd0","33","21","7FD60833FB5579231A626214FD8B24F7ACF56A4C695D1B9D0A29526726271C26","not_individually_verified"
"reference/funcs/newIndValVecs_vsdlss.c","newIndValVecs_vsdlss","00a08240","41","22","E705851A7199441AE057596E569AEE7733B24947DBFE1C30140D2C038102B52C","not_individually_verified"
"reference/funcs/newIPVector_vsdlss.c","newIPVector_vsdlss","009d84d0","7a","30","AB7481CFA5CF9E7E40F68047A06A59265859534433764CB618CD288E941E8A0B","not_individually_verified"
"reference/funcs/newIVector_vsdlss.c","newIVector_vsdlss","009d8320","7a","30","65C6E525F142CE53D89E4CB7249A201470C1CB6C2851883C26E1B9656B34A6A6","not_individually_verified"
"reference/funcs/newIVVWithPtrs_vsdlss.c","newIVVWithPtrs_vsdlss","00a081e0","24","19","A6D1B44ACD02F56EF8C5F46C6894C73A1033D1474A8BBC350932BA669ED32663","not_individually_verified"
"reference/funcs/newListMark_vsdlss.c","newListMark_vsdlss","009f6a60","44","25","87ADB925C0F349ADC69A193DBBF1B507551837B2B7842D64C053BFA48D608D8F","not_individually_verified"
"reference/funcs/newLIVector_vsdlss.c","newLIVector_vsdlss","009d8200","7a","30","AAC4F62EE3B5EE6FFE76FF50782590A1DE705BDBFBB037F04E57E46825A7901C","not_individually_verified"
"reference/funcs/newMLDGraph_vsdlss.c","newMLDGraph_vsdlss","009fc3a0","9e","33","4053AD13F88CD17546A918E5FA414214EA9A89C64EF283E608E59D29B242A1DB","not_individually_verified"
"reference/funcs/newMLDGraphHeaderOnly_vsdlss.c","newMLDGraphHeaderOnly_vsdlss","009fc520","6e","29","C989FE023DF262D0569519094A9786AA617F4334FD86C57842EE90983850350D","not_individually_verified"
"reference/funcs/newMLDGraphVector_vsdlss.c","newMLDGraphVector_vsdlss","009fc440","7a","32","B78C3F41A3CA497F687C774EC6B528506E31937AB6D981CDEC44C23CA86D9E1D","not_individually_verified"
"reference/funcs/newMLDOrderVecs_vsdlss.c","newMLDOrderVecs_vsdlss","009fc930","186","65","1016DD934914D85C1D847D0E6014224070FA64FA827A6773579BF3CC91779DC9","not_individually_verified"
"reference/funcs/newOneFactorChunkHeader_vsdlss.c","newOneFactorChunkHeader_vsdlss","009f2320","8e","37","B94B7D57D7B1E95B39F7EA4714EABD7EF9C4B9D6B9B1404F5955156C1CF7BE16","not_individually_verified"
"reference/funcs/newPartFact_vsdlss.c","newPartFact_vsdlss","00a08410","7e","34","53E9821BAD9975D79F76E6A1D522ED7369DC270741CA9269EDD2E789A37AA782","not_individually_verified"
"reference/funcs/newPq_vsdlss.c","newPq_vsdlss","00a2c590","6e","31","936D279937CF38AD8AACC8B11F1BFCFEEA74F64FDC833458F8309BECAA9FDD8D","not_individually_verified"
"reference/funcs/newPqiHeaderOnly_vsdlss.c","newPqiHeaderOnly_vsdlss","00a0cad0","3f","23","297A4A81CA430396B31B10AC3D951F13C1EAEEBA07A2C47B5730EC9815B66D76","not_individually_verified"
"reference/funcs/newPqiNoNewVecs_vsdlss.c","newPqiNoNewVecs_vsdlss","00a0ca60","6d","27","9086CAF21BC5B39902FAC7EC9DBFA1DB347F1155BD118F042967141BF70B662F","not_individually_verified"
"reference/funcs/newQ_vsdlss.c","newQ_vsdlss","00a0d560","3f","23","17AB6D7797D76C3E972BE3659AF57558270EA5DC33B28A01B204A9EC4A95A09F","not_individually_verified"
"reference/funcs/newQHeaderOnly_vsdlss.c","newQHeaderOnly_vsdlss","00a0d600","22","19","D6994468E56921720CB2E1CB663E24052C7ABA79BA8E013722AF5562A27A9A74","not_individually_verified"
"reference/funcs/newQNoNewVec_vsdlss.c","newQNoNewVec_vsdlss","00a0d5d0","30","21","68BBCAFD1A1FC7FC3E0B3476C043B19478C110C9AAF6BA512B8E9A81B45F607A","not_individually_verified"
"reference/funcs/newSparseFactor_vsdlss.c","newSparseFactor_vsdlss","00a08320","b6","37","160366579C97BCB6879358EA169E229780F2BE978E27FA03BC306A98EB2BF8BC","not_individually_verified"
"reference/funcs/newStack_vsdlss.c","newStack_vsdlss","00a2f710","5","23","2D8C06E3236B2CA2B1C20924C6A446A617E6EE12D81A712F74F7A2B753D4AF72","not_individually_verified"
"reference/funcs/newTime_vsdlss.c","newTime_vsdlss","009d7910","1d","19","C8582F4860295BC3BE2D663D8BEE3209AB8E402251D7F6D788EEDD7ADBAB1478","not_individually_verified"
"reference/funcs/newVector_vsdlss.c","newVector_vsdlss","009d8060","8b","30","FE2CD5F52914DD2C6B7D103F857F9DEB8B5910EE925642D9DDE67F416E57C159","not_individually_verified"
"reference/funcs/nq_vsdlss.c","nq_vsdlss","00a0d6f0","85","36","1FD7A031F73DF27BFF02794A10B6E3A6E97D05ABF11B1F7F043628BE5CF62340","not_individually_verified"
"reference/funcs/nqBpq_vsdlss.c","nqBpq_vsdlss","00a1ef60","a0","38","27E2FE973CADCD47A03D434B0F18C128AF2C1DAD651E615150427338F8C2D6F0","not_individually_verified"
"reference/funcs/nqLastDeq_vsdlss.c","nqLastDeq_vsdlss","00a2f650","2d","21","25C1ECBEA8482260FF71FB25F0DB087178A8DDAE85A3C3A0905940ECCAFDA648","not_individually_verified"
"reference/funcs/nqPq_vsdlss.c","nqPq_vsdlss","00a2cab0","7e","32","94289DDCA266A152216072F90FE7250B0EBB0D9461B0CBD168DB39B0E1257DA2","not_individually_verified"
"reference/funcs/nqPqi_vsdlss.c","nqPqi_vsdlss","00a0d200","b0","62","F82843E8341B30480D394358EA683B384B0C58EC688E6F51D3881525186E1DC7","not_individually_verified"
"reference/funcs/nrerror_vsdlss.c","nrerror_vsdlss","009e7c00","382","169","912BA5C7EFA9C7B293E6FA80AC257E8A5B91E43003F12FA87DFD2CAB162A0466","not_individually_verified"
"reference/funcs/oneNorm_vsdlss.c","oneNorm_vsdlss","009d7d80","4f","36","0BE6F5829B2DB123057DC34C8D8B440A142B05102EE51DED5783CCDEC5D9495C","not_individually_verified"
"reference/funcs/openAChunkFileR_vsdlss.c","openAChunkFileR_vsdlss","009e29f0","8d","26","D373D1BF5A05A18A12F57232FA443BE9CA274EBC68FB44F04CEC847DCAEF65FB","not_individually_verified"
"reference/funcs/openAChunkFileW_vsdlss.c","openAChunkFileW_vsdlss","009e2950","8d","26","C18C3ADFA7E4C6D43E81BCE9D17D3652FAAE60E75B76D481FA5F8EA25F2B83AF","not_individually_verified"
"reference/funcs/openFactorChunkFileR_vsdlss.c","openFactorChunkFileR_vsdlss","009e2870","8d","26","E75D5ED80A89F65ED25CD90FA1F533277F8F332C4393CF59B2C82F6026BBEAD9","not_individually_verified"
"reference/funcs/openFactorChunkFileW_vsdlss.c","openFactorChunkFileW_vsdlss","009e27d0","8d","26","3DE73A8473D3E93F00F24564DC42ECD84D4DCCC1F90E53B166649A53AA895D70","not_individually_verified"
"reference/funcs/openFileA_vsdlss.c","openFileA_vsdlss","009f3820","b5","39","00C359EF75073F299CDC61CAFC84F35CA6E1DB7A49AC08FA595FD50D13F269DB","not_individually_verified"
"reference/funcs/openFileAReturn_vsdlss.c","openFileAReturn_vsdlss","009f38f0","57","30","5685FBD7910FC19008980ABF208D008D410021FAA622EA26A957B155846F339D","not_individually_verified"
"reference/funcs/openFileMainAT_vsdlss.c","openFileMainAT_vsdlss","009d2300","31","23","16F87AD26C6ADEC3FD12D4D2E55FFF05244650AA50163E23DBFB0EFDA3E3C26D","not_individually_verified"
"reference/funcs/openFileMainR_vsdlss.c","openFileMainR_vsdlss","009d2430","31","23","61D3A8D6F79DF3BF05960F555D8A61506EB47FA2B2CBC490D3446AAADAB56545","not_individually_verified"
"reference/funcs/openFileMainRT_vsdlss.c","openFileMainRT_vsdlss","009d23c0","31","23","C1F15E4ED26BFAEBE2090D52A68E4E063B4A5C3391FE9A797CC52771684C82FC","not_individually_verified"
"reference/funcs/openFileMainW_vsdlss.c","openFileMainW_vsdlss","009d2380","31","23","27D11A562FFA92DD0FDA8101B038F8A0C8F9B1F6CA1B25BBB7B6EE21B70A9C21","not_individually_verified"
"reference/funcs/openFileMainWT_vsdlss.c","openFileMainWT_vsdlss","009d2340","31","23","10622AD25B3F791A73ABDA5C70FE335F049B4764E1A7B0BBE5F03C893F81E5A8","not_individually_verified"
"reference/funcs/openFileR_vsdlss.c","openFileR_vsdlss","009f3750","b5","39","6DCDC662173F8640FDF56E45876F8EB273CE65E01090D49324119C22ECFCA3B5","not_individually_verified"
"reference/funcs/openFileW_vsdlss.c","openFileW_vsdlss","009f3680","b5","39","830C0C7F32C99FA0C4A1F7D0A49BCDABC46A01E34DF65F07CC378A6EBFD974EA","not_individually_verified"
"reference/funcs/openNetlistFile_vsdlss.c","openNetlistFile_vsdlss","009d22b0","43","21","9B0B278A409CCE8432130E2E7217FA5CB9843915E1DECC2959FA3F73EFB1A79B","not_individually_verified"
"reference/funcs/orderHighDegNodesAtEnd_vsdlss.c","orderHighDegNodesAtEnd_vsdlss","00a04ee0","2b6","115","F45D9A018AB44D8778EA8CBBE167F5378E22631A0A190649F7BC38AD3F01FDB8","not_individually_verified"
"reference/funcs/orderHighDegNodesAtEndOld_vsdlss.c","orderHighDegNodesAtEndOld_vsdlss","00a02f50","126","64","AEEBBA176FCD2EBF71952D5D2AC7606A82B492AA713FCF2A3CD512B4BC8EB496","not_individually_verified"
"reference/funcs/permuteDVector_vsdlss.c","permuteDVector_vsdlss","009d9190","2a","28","9E191E55871A48F5C836B67555BAF30DE8FE59356253F218A4673D5B0CF775FB","not_individually_verified"
"reference/funcs/permuteDVectorInPlace_vsdlss.c","permuteDVectorInPlace_vsdlss","009d90d0","b6","45","E750E7C03FCE53F7BE609C0CAFAF7449C261F6C7A8B35E30603C9ED4B53446EE","not_individually_verified"
"reference/funcs/permuteFVector_vsdlss.c","permuteFVector_vsdlss","009d91c0","2a","28","0218AA391C8C11DFB7204C32DC55B431AF5D2323143584AD9CE8240B73CB7BBF","not_individually_verified"
"reference/funcs/permuteFVectorInPlace_vsdlss.c","permuteFVectorInPlace_vsdlss","009d9010","b6","45","7C89764724D2AB8047E2809FD93C3B392410E6D0A851AA9FE454251079B47243","not_individually_verified"
"reference/funcs/permuteGraph_vsdlss.c","permuteGraph_vsdlss","009f4e60","123","72","088270509550AA7D09D66E8C84B53948C1610E45A7589161BE2E43567414719E","not_individually_verified"
"reference/funcs/permuteIPVector_vsdlss.c","permuteIPVector_vsdlss","009d8f30","27","28","7EF2DE6D0A81567EA3E7AFA769062F0120AF6B2450B9083BA9A4603AFCD0AE9D","not_individually_verified"
"reference/funcs/permuteIVector_vsdlss.c","permuteIVector_vsdlss","009d8f00","27","28","6284AE0F90887D31C3B89B5B299E486D389926D1E2183A09F1EDFA8BF4B2750D","not_individually_verified"
"reference/funcs/permuteIVectorInPlace_vsdlss.c","permuteIVectorInPlace_vsdlss","009d8f60","aa","45","CF9E123E4E397BD23ED781D6E6AD1FFB5812C7213DCEF0746192F644A160128F","not_individually_verified"
"reference/funcs/popAStack_vsdlss.c","popAStack_vsdlss","00a1e900","1e","23","868C87C2B56DAD46F104A1B96B7ED6054F4C20628CF043580A0B02B4DCD72BCA","not_individually_verified"
"reference/funcs/postSolve_vsdlss.c","postSolve_vsdlss","00a0b920","1e8","75","AC33CBCCCD3399E6F777EE2CE10452142AB0B4C28C9B0C1D45A5AF683FD8F5E6","not_individually_verified"
"reference/funcs/pqDecreasedKeyIter_vsdlss.c","pqDecreasedKeyIter_vsdlss","00a2c830","5e","41","D94F6D37AB8A2EC60435A4B5D4E3814B6EBEDA9C61C050A72D644907CE8FBFE0","not_individually_verified"
"reference/funcs/pqElemsVec_vsdlss.c","pqElemsVec_vsdlss","00a2cb40","5","14","D263E7CAA71572B7A1207DDDC7DD35BB3945D8623260660DF677FDF47F669DAA","not_individually_verified"
"reference/funcs/pqiDecreasedKeyIter_vsdlss.c","pqiDecreasedKeyIter_vsdlss","00a0ce30","6b","47","4A4122A0D6DE6E4CD67B2DEE734C0921E67A884E89393F85049AD633A3AD8F34","not_individually_verified"
"reference/funcs/pqiIncreasedKeyIter_vsdlss.c","pqiIncreasedKeyIter_vsdlss","00a0cd20","f7","81","BB01020B5BDBE444F332775ADF27B3F04EF07063963C549227566048211FA93F","not_individually_verified"
"reference/funcs/pqIncreasedKeyIter_vsdlss.c","pqIncreasedKeyIter_vsdlss","00a2c760","bd","72","5DE05BAE0BADF7BD2C1B6FB1D4BFC6CAD36BEDF4C3A2B8EBDCB7C420CB4B65ED","not_individually_verified"
"reference/funcs/pqiSwap_vsdlss.c","pqiSwap_vsdlss","00a0cc80","2f","27","564140BCC2461868B893C16C5B9C1093A50862A151DCC3EAF6284D5DFE464139","not_individually_verified"
"reference/funcs/pqSwap_vsdlss.c","pqSwap_vsdlss","00a2c6c0","2f","27","3E3B9D3C9FB4764624644A636856630A5414E822B7D38AB1CB12F7FE37ADD238","not_individually_verified"
"reference/funcs/preSolve_vsdlss.c","preSolve_vsdlss","00a0b280","1c5","67","90A8D02F09C6E0FA9486D9E450BB4D57BEC8648827B0F5726D618065830A4A93","not_individually_verified"
"reference/funcs/printcel_vsdlss.c","printcel_vsdlss","009e2170","4d","23","A763EF3C34F604656CFAC6D6AB299EB9FD365E008095BDF758C382635C7F90D3","not_individually_verified"
"reference/funcs/printCopyright_vsdlss.c","printCopyright_vsdlss","009f5120","36","25","EE13E5E1B9F34A9E2DA9A3183E9D9E8EC0461BDEF367BDC6C85CDEC29F995E07","not_individually_verified"
"reference/funcs/printDiffTimes_vsdlss.c","printDiffTimes_vsdlss","009d8d70","5d","26","A3684565FA59D5D4384DA9E4F5B3DD3EA26E459E10B97915D940069AD4169BA9","not_individually_verified"
"reference/funcs/printDVectorToLog_vsdlss.c","printDVectorToLog_vsdlss","009f8d20","8b","30","91B904C2318BD023A65F3C6BC74C17A64A41CEF637C2F55DAB29A9BE92073F8A","not_individually_verified"
"reference/funcs/printEa_vsdlss.c","printEa_vsdlss","009e6790","56","31","0E97543D1029AA0ACAB1E3E96B77A673FB45092A6EA3753B45A1FDA74D6DB418","not_individually_verified"
"reference/funcs/printElem_vsdlss.c","printElem_vsdlss","009e6730","29","20","77EF775594E426279ED310D4D71EC3FEE3F896D44F2C1D3E12FBCBBF06B3F505","not_individually_verified"
"reference/funcs/printElemHeading_vsdlss.c","printElemHeading_vsdlss","009e6720","a","15","6B71FD05B0D87677100CBE6DA97B5C3646B14F15A2FE302C69BA77DE6A34C418","not_individually_verified"
"reference/funcs/printElemWithHeading_vsdlss.c","printElemWithHeading_vsdlss","009e6760","22","16","E03940DAB2BC9E7403548DCB5291192777DF80364F409087FA513AB0EACFF747","not_individually_verified"
"reference/funcs/printError_vsdlss.c","printError_vsdlss","009f52e0","17b","45","05C59C4EBE0B181BD35B633EE925B7E898EE1938EC88726D03C6BB89D0A43B1F","not_individually_verified"
"reference/funcs/printErrorToFile_vsdlss.c","printErrorToFile_vsdlss","009f5500","9d","22","9D20F2C67A16422EAEA556DC242A0C677FE12AE5D195CE75D46631F5EDD24F46","not_individually_verified"
"reference/funcs/printFloatArray_vsdlss.c","printFloatArray_vsdlss","009d7890","46","25","E92E153EA9C0EA3448EFAAAB48BDD7D6674DEF1744320E426AB0C6B29543AF05","not_individually_verified"
"reference/funcs/printFVectorToLog_vsdlss.c","printFVectorToLog_vsdlss","009f8db0","8b","30","9F2F46F55417DFDE8AABE3C1E9D14513A71CB53F957C862407BDB7D011E41978","not_individually_verified"
"reference/funcs/printHeaderToLog_vsdlss.c","printHeaderToLog_vsdlss","009f55a0","44b","91","0D2EB7B4807ADCF94D5D21EF265E42495560AFBD3823069A318324F69944DBF5","not_individually_verified"
"reference/funcs/printHelp_vsdlss.c","printHelp_vsdlss","009d4c80","11","18","D85A722D9C84B87D5A7EF75837B8ED9A6756B90E58AA452F3F9BFC868544E740","not_individually_verified"
"reference/funcs/printIntArray_vsdlss.c","printIntArray_vsdlss","009d7840","41","25","BD10E8FA0D964F9AA9992E1AD15DF7EF1F06FB13FFE9D77237B0987294AD1B66","not_individually_verified"
"reference/funcs/printIVectorToLog_vsdlss.c","printIVectorToLog_vsdlss","009f8c90","86","30","256B101362AB8A0B9C932DE42845C5533362054967667803BE0B47F7B37E78F3","not_individually_verified"
"reference/funcs/printNetMallocCalls_vsdlss.c","printNetMallocCalls_vsdlss","009e76c0","82","23","0ED8A33FFC676C7B5B4531BDA80CDB0B2A60FB23DCFB713688DF8231FC6A2B3B","not_individually_verified"
"reference/funcs/printOffDiagonalsToLog_vsdlss.c","printOffDiagonalsToLog_vsdlss","009f8e40","98","38","1EDABDFA596E629FA935614AFCBC0ED08D8BFECB7422E4F1DE368FCAA80C5E8D","not_individually_verified"
"reference/funcs/printPartFactDetailsToLog_vsdlss.c","printPartFactDetailsToLog_vsdlss","009f90b0","4a8","121","818D773E486A22E83F9F08191605E481374FDC1A44B2F4C2CFF5C67DFDCA3136","not_individually_verified"
"reference/funcs/printStats_vsdlss.c","printStats_vsdlss","00a0bb20","e5b","286","58B7E015724524FEADA16395D972AA7376B54E19644BF470F6FB675BA146A7F8","not_individually_verified"
"reference/funcs/printTimeDeciSeconds_vsdlss.c","printTimeDeciSeconds_vsdlss","009d8dd0","2d","16","40093DC8CB61821FE74F3A89413CBBFF0342744831F32A6FF71ED6F7EBEC99FF","not_individually_verified"
"reference/funcs/printToLog_vsdlss.c","printToLog_vsdlss","009f89e0","b6","60","3CBF22AD101A48FCAE3C4AB020A3FD125B6A840B62542F8273A83B1C0E9886C5","not_individually_verified"
"reference/funcs/printWarning_vsdlss.c","printWarning_vsdlss","009f5160","17c","46","88340FEF3D57D4853FCE334EAECF785662F997BD8B6F551AE5D4F44615F402A0","not_individually_verified"
"reference/funcs/printWarningToFile_vsdlss.c","printWarningToFile_vsdlss","009f5460","9b","22","0E5ED226D217CD6377F65B113D7DAA3375C3314457D3AD188C8D119543A3F9E0","not_individually_verified"
"reference/funcs/pushAStack_vsdlss.c","pushAStack_vsdlss","00a1e810","c2","47","8D30EAAF353DF7D7F621B1E5A78CF6EF95C8643CE9974EBA5A016FCADE65B6D0","not_individually_verified"
"reference/funcs/rangeCheckIVector_vsdlss.c","rangeCheckIVector_vsdlss","009da380","7d","28","71201FBA21B8C00417C6486D55C2D512F06F49E8ABC98C3501CD7AF99A6DB41F","not_individually_verified"
"reference/funcs/read_DEG123REORDERVEC_vsdlss.c","read_DEG123REORDERVEC_vsdlss","00a0e3e0","32","20","F724AA8CCAE6B79053EB2AA35705B3EDAE5E56FDA5E39C1BFF3D131EC70DB1F3","not_individually_verified"
"reference/funcs/read_DEG1DEG2PARTRESNoNewVec_vsdlss.c","read_DEG1DEG2PARTRESNoNewVec_vsdlss","00a0e280","29","20","385E2D9A25D65247C65E6722EF1CC0E3C652BF01043C6BF49EB5376B9EA560D1","not_individually_verified"
"reference/funcs/read_DEG3PARTRESNoNewVec_vsdlss.c","read_DEG3PARTRESNoNewVec_vsdlss","00a0e2f0","29","20","A2358814031A98C77F79D995EC57BC1870679464BA27732EF9358C71A4B070C8","not_individually_verified"
"reference/funcs/readAndExtendDiagVec_vsdlss.c","readAndExtendDiagVec_vsdlss","00a12110","67","28","7E08D620ED9CC45BEDEC88DAB5995F86F6E27ADC900C5B6814C0CA56B732A358","not_individually_verified"
"reference/funcs/readAndExtendEaFromToVecs_vsdlss.c","readAndExtendEaFromToVecs_vsdlss","00a11e90","16c","68","D504218B09BC782E797AB43D8D674CC811A7B470DC183FE8A4EBACD7B6A97B9F","not_individually_verified"
"reference/funcs/readAndExtendEaOffDiagVec_vsdlss.c","readAndExtendEaOffDiagVec_vsdlss","00a12000","10e","55","6B421FF0CE852E377D84AEFB72244C44FB687B90A2455E9F150C1747CB707D85","not_individually_verified"
"reference/funcs/readAndSolvePartDataPartFact_vsdlss.c","readAndSolvePartDataPartFact_vsdlss","00a08b40","14e","67","B6C029FD29A63BE62F766F743E2E54E55A7427E205145D03B51F4A58FFFC42A4","not_individually_verified"
"reference/funcs/readBlockInfo_vsdlss.c","readBlockInfo_vsdlss","00a0f440","368","80","AF2A1FFB1554653E2705D43FB9DED995A3B0A962146EA365EDDB977AEBD9F179","not_individually_verified"
"reference/funcs/readChunkInfo_vsdlss.c","readChunkInfo_vsdlss","00a0ebe0","4bc","113","B065FD1EB8260727EA397D5F58ECA3FF0713A8B2896841594B5F32151771B8EC","not_individually_verified"
"reference/funcs/readChunkRead_vsdlss.c","readChunkRead_vsdlss","009e3080","136","42","C2156542B4C2EE0DF882231E480D5CA2FD4BB27B04C6BFEB7B3ABA891C6AF349","not_individually_verified"
"reference/funcs/readDeg1Deg2Pf_vsdlss.c","readDeg1Deg2Pf_vsdlss","009e3ae0","1ef","63","DD993A7C7256233C5CBA428F3384F157D285041DDC6414D241330DBE8C2A5354","not_individually_verified"
"reference/funcs/readDeg3Pf_vsdlss.c","readDeg3Pf_vsdlss","009e4190","485","102","718DEDF9BB57CABA943B71E9C13D2978BB2EC9B7FD73B5B777E15469BF90D702","not_individually_verified"
"reference/funcs/readDVector_vsdlss.c","readDVector_vsdlss","00a0dc00","ba","28","FA4E9D7645949EF531169D525E80EFA2B73BFE7F5EDF4F31BDF7BC5B9B3B6702","not_individually_verified"
"reference/funcs/readDVectorFNum_vsdlss.c","readDVectorFNum_vsdlss","009d9520","55","23","15E4DA639467A05A3C631B4CA93502746CC7EBBF9D20919423CD1555B3AE88D6","not_individually_verified"
"reference/funcs/readDVectorFNumPermute_vsdlss.c","readDVectorFNumPermute_vsdlss","009d9580","115","53","BA313D04B427AE32314B30B6B4807345DB730AB303DB2C9FA82C7EABD76CC83F","not_individually_verified"
"reference/funcs/readDVectorFromFpMain_vsdlss.c","readDVectorFromFpMain_vsdlss","009d2530","3d","22","2D985A01DB63D038B524EE320390EBF1C32E656123B35AEAFB3AA5F4EBD3400F","not_individually_verified"
"reference/funcs/readDVectorNoNewVec_vsdlss.c","readDVectorNoNewVec_vsdlss","00a0dcc0","9e","25","CEF66138821B93909E2C1F8EF2D12BAF0FF26C6FAD8BB169DD2D3F073C13E6D0","not_individually_verified"
"reference/funcs/readFactorChunk_vsdlss.c","readFactorChunk_vsdlss","009f2ad0","5d2","169","D777D722FB9C6FB9ED3F124AFD97DAC8E1D15F6A338D954275DD06DF07D2042A","not_individually_verified"
"reference/funcs/readFactorOneChunk_vsdlss.c","readFactorOneChunk_vsdlss","00a154a0","6c2","196","5493F7E3E6B69CB7EB7EB7263DDB213ED6546F0085687C21DFA309076C12B998","not_individually_verified"
"reference/funcs/readFromToOffDiag_vsdlss.c","readFromToOffDiag_vsdlss","009f3f30","f5","39","02F4B2CBDFD76646C62C2848A1BE724DF96EE3E393D79B9555DCE3E1B64484F9","not_individually_verified"
"reference/funcs/readFVector_vsdlss.c","readFVector_vsdlss","00a0dd60","ba","28","E3B88E4D19D432D051506C365B8FFBAAFA5DACB756C18F39CE95989FA03F1CE9","not_individually_verified"
"reference/funcs/readFVectorFNum_vsdlss.c","readFVectorFNum_vsdlss","009d94c0","55","23","B75C1A96BD55C11DA4CBB17D73C67BD7322D62B80C41AE13F49C16B2A338FC93","not_individually_verified"
"reference/funcs/readGraph_vsdlss.c","readGraph_vsdlss","009f4890","2f8","108","CCF94EE9075B01C06E8D106712D3DB46B4F32A4C910E5F7730B8BBE72BEEF810","not_individually_verified"
"reference/funcs/readInitReorderVec_vsdlss.c","readInitReorderVec_vsdlss","00a0e660","32","20","8777D9912FD2DE78CB42F07E8472BE7E97A34F0CAFFA9756D372054ED266931D","not_individually_verified"
"reference/funcs/readIns_vsdlss.c","readIns_vsdlss","00a223c0","186","55","B82758FA64B8350B1C2F20DDA2AFDE72683F696A802A620F70145E95BEFEAA2C","not_individually_verified"
"reference/funcs/readIVecFromFile_vsdlss.c","readIVecFromFile_vsdlss","009f5e10","90","26","4C31A34FC68817ED53ACE5762A656B31E86FE469ECD16AB67970E48D0670804F","not_individually_verified"
"reference/funcs/readIVector_vsdlss.c","readIVector_vsdlss","00a0dec0","b8","28","0DF0AEE63AE699677BB7D8B31E7177250EA658F0CAA3357B6727CCE5550D2D6D","not_individually_verified"
"reference/funcs/readIVectorFNum_vsdlss.c","readIVectorFNum_vsdlss","009d9460","55","23","816A963A87E0EC4DB56F5F14F390A31747978134C3177A6A2DFAFBB291C26FA1","not_individually_verified"
"reference/funcs/readIVectorFromFpMain_vsdlss.c","readIVectorFromFpMain_vsdlss","009d2570","3d","22","363B35230081A59DCA8E4934CD0318C8CAAE71F7C0B8260E9513BE5280BF50ED","not_individually_verified"
"reference/funcs/readMatrixA12_vsdlss.c","readMatrixA12_vsdlss","009daa00","207","70","7ABBA7E30483AB344C65F24A84E18E6BE74AF870B0E67EEA9DBDAEF5E42A1B04","not_individually_verified"
"reference/funcs/readMatrixFromFile_vsdlss.c","readMatrixFromFile_vsdlss","009f5b40","60","27","6EA7656F139B5A178DF5FC88D8EBAE0271904D763550A52D8A8AE5E260B04059","not_individually_verified"
"reference/funcs/readMatrixFromFileAndCheck_vsdlss.c","readMatrixFromFileAndCheck_vsdlss","009f5df0","12","16","7560759B1EA4F57A0E485C3D59DA2FBC1FE51BB391E666123FC917E95B1ABA10","not_individually_verified"
"reference/funcs/readMatrixFromFilePrintToLog_vsdlss.c","readMatrixFromFilePrintToLog_vsdlss","009f5a00","137","51","11384117DEB67CBD3F98A4B9D139A20DA053A2C28E547F38F0890B886789D74D","not_individually_verified"
"reference/funcs/readNextFactorBlock_vsdlss.c","readNextFactorBlock_vsdlss","009f30b0","317","93","B2306BEC5B986A1FDF22F6BBF80C4509F86CDF19E1C2076C7046F89A07EC7C88","not_individually_verified"
"reference/funcs/readPartFact_vsdlss.c","readPartFact_vsdlss","00a089b0","177","62","B78B9DAFD710B16DEB9D81FC211A436EBF35B5A6C6231D847DF86ABAF8B4CE5B","not_individually_verified"
"reference/funcs/readReorderVec_vsdlss.c","readReorderVec_vsdlss","00a0e520","32","20","4099C785E67E41495E02B48E8F3D456DD57216631B43757C9FD70F1CEA03BE86","not_individually_verified"
"reference/funcs/readSpiceAndWriteMatVecs_vsdlss.c","readSpiceAndWriteMatVecs_vsdlss","009d43e0","877","237","3494C7A0FF8764ABE12A088FCF014BC13C98B21F671BDA229E83D9FC5806F9CF","not_individually_verified"
"reference/funcs/readVecFromFile_vsdlss.c","readVecFromFile_vsdlss","009f5eb0","90","26","1CD57979EF76EF70A47E1456A907C1836D110DA2DCBB54C1CD0AFF17E9DBC4C2","not_individually_verified"
"reference/funcs/reduceProblemSize_vsdlss.c","reduceProblemSize_vsdlss","00a10590","5fd","173","8B3FBC87CBF236481F03092E8599CD579300CCA7E601351362637379F7B45799","not_individually_verified"
"reference/funcs/remFromBucketBpq_vsdlss.c","remFromBucketBpq_vsdlss","00a1f110","61","43","E49655E8D758A822682E4B169DE7B94668329746301CBE485703A745515C9EB8","not_individually_verified"
"reference/funcs/remFromBucketMarkInBpq_vsdlss.c","remFromBucketMarkInBpq_vsdlss","00a1ed40","10d","56","532C7FAA6B130EB68EE0FF64CF2F2AA66A5EF5F59661C0CC1863FA85C8BED998","not_individually_verified"
"reference/funcs/remFromDeq_vsdlss.c","remFromDeq_vsdlss","00a2f680","6a","36","6511090A0EA285A5256998B82B6BD269BE01E1E681515659BE102A801F50C9FB","not_individually_verified"
"reference/funcs/removeAChunkFile_vsdlss.c","removeAChunkFile_vsdlss","009e2bb0","40","23","462B67F324067AC9E1A27724243EF2186AFC3BCAE2B6690BE342DD4E8ECDB611","not_individually_verified"
"reference/funcs/removeAllChunkFiles_vsdlss.c","removeAllChunkFiles_vsdlss","009e2bf0","41","28","06CED2F493ACAB5DC10A3A441B97554EE8068561F9FC92E6B4F1DB56D92A7643","not_individually_verified"
"reference/funcs/removeFactorChunkFile_vsdlss.c","removeFactorChunkFile_vsdlss","009e2b20","40","23","6FE03F04A94098823E6454ECFFE79FCF9A61F7F2889FFE8CD9B60FF4F039289D","not_individually_verified"
"reference/funcs/removeFromMarkList_vsdlss.c","removeFromMarkList_vsdlss","00a1ee60","ea","50","49C4C8A674C2DF956E2AA34841A12E0982BC61C01F8430CB2B2181B12D3BB091","not_individually_verified"
"reference/funcs/removeFromPq_vsdlss.c","removeFromPq_vsdlss","00a2cbe0","b8","42","B78BCA85E5F407F2D95403FB47B036F5FAFEE59927693C805FC8DA3679F3CF73","not_individually_verified"
"reference/funcs/removeFromPqi_vsdlss.c","removeFromPqi_vsdlss","00a0d490","94","39","CF7F38C518CEFE082EB001D32BB99A734E906CE3C2221BFE7366958897A76737","not_individually_verified"
"reference/funcs/removeSemiPermFiles_vsdlss.c","removeSemiPermFiles_vsdlss","009f3a70","41","33","D92EB5927CC70978DC42022B79A766875346663C1DAACB1DD28E4E8274CAC028","not_individually_verified"
"reference/funcs/removeTempFiles_vsdlss.c","removeTempFiles_vsdlss","009f3a20","41","33","C5A7F3EDE715ABBC17B4C1D07A69BAE11539199CB1AB1E5818861B0EF8974231","not_individually_verified"
"reference/funcs/renameInsAndGetNodeToBlock_vsdlss.c","renameInsAndGetNodeToBlock_vsdlss","00a21ea0","1b8","93","8BE31651271F113CD1F1D2236495BB78BCA8BF349F7E08043D0CA7B9C0793C9F","not_individually_verified"
"reference/funcs/renameIVector_vsdlss.c","renameIVector_vsdlss","009d8ed0","25","24","62CA2CDD43F9017B0FAE5BB8C2F7CED18451045DB6457B597125B7E04F75CEAA","not_individually_verified"
"reference/funcs/renameNodesInAdjListOfGraph_vsdlss.c","renameNodesInAdjListOfGraph_vsdlss","009f4e00","52","31","274B41214FEBD5D4C3903CB45C6432209FF919BABF1A4749417796DAD4E0DA3C","not_individually_verified"
"reference/funcs/renameReorderFactorFilesforVsdlss_uwrapper.c","renameReorderFactorFilesforVsdlss_uwrapper","00a36c90","f3","43","F27685A8F86402D7E9C57B092B1FE6BD3C7227753D43807C29233EBA871712A6","not_individually_verified"
"reference/funcs/renumberElemArrAndWriteChunkFiles_vsdlss.c","renumberElemArrAndWriteChunkFiles_vsdlss","009e71c0","64","28","9104156CB609BF2D9B27496F98496E6D155D3BCA38C5E4DC990D5A0436C3088D","not_individually_verified"
"reference/funcs/renumWriteRedMat_vsdlss.c","renumWriteRedMat_vsdlss","00a1a480","2ea","118","969BF7FD5D0FDAD605BF9FEA3421E802515337E4D947DFCF6C735C134E291052","not_individually_verified"
"reference/funcs/reorderElemArr_vsdlss.c","reorderElemArr_vsdlss","009e6b20","50","40","6A774AD0ED0611AA9E558B196AA8260C485D13F6799CF170B0D28890DF074008","not_individually_verified"
"reference/funcs/run_vsdlss_.c","run_vsdlss_","005fde90","81","39","3DB72E5DEE421B9DB6C4346FEBD21976B4B355189842A9A91E88CB4A79B3C50F","not_individually_verified"
"reference/funcs/saveJobToDiskFreeMemoryJrt_vsdlss.c","saveJobToDiskFreeMemoryJrt_vsdlss","009f65e0","106","46","7441A3C8AF07EBDFA320EAA0E21D9DC35FDDD345A2286A0581A3CE900F69CDFA","not_individually_verified"
"reference/funcs/saxpy_vsdlss.c","saxpy_vsdlss","009d8030","2e","24","C42A7FA0CA192BD380D661951F2CB3CD164894AEBEABB31BD8698DF9C22F9532","not_individually_verified"
"reference/funcs/scaleTime_vsdlss.c","scaleTime_vsdlss","009d7990","25","19","892F0AEE8E863466E4BBF383B015A0FFBB6D69B93F38359511310E641A35481B","not_individually_verified"
"reference/funcs/scaleVector_vsdlss.c","scaleVector_vsdlss","009d7fa0","29","23","210150B56CA87768F6556DC9267FD4B071C82082D05D7B3B2629D07CD13F2253","not_individually_verified"
"reference/funcs/scaleVectorDiag_vsdlss.c","scaleVectorDiag_vsdlss","009d7fd0","2a","24","356CEB3E2A17B5406E441EE1E2D54F9A23AC72A970B82BF64105C05F296D0BA1","not_individually_verified"
"reference/funcs/scaleVectorDiagInv_vsdlss.c","scaleVectorDiagInv_vsdlss","009d8000","2a","24","460A9100B70B756949EA21D2C2D72A6E8AC52EF4D14B68D10B8A77EA50E2662C","not_individually_verified"
"reference/funcs/setBpqToNull_vsdlss.c","setBpqToNull_vsdlss","00a1ec80","49","25","54708C2C1BCD5C86C01CCC1803BC506F0C49F694A72EE3FF4968B3B72FD37BF7","not_individually_verified"
"reference/funcs/setCompGraphPointers_vsdlss.c","setCompGraphPointers_vsdlss","009fd7a0","193","87","4EDCD73454ACF550377294BDFBF856BF30AF00AA56E2FEEA36E37C81706313E7","not_individually_verified"
"reference/funcs/setCountingMarkToNull_vsdlss.c","setCountingMarkToNull_vsdlss","00a1f300","1d","19","A2B9F3A71E533696A7F94A3975F1DA3B8F69EFA8D85CA539318E53AB06C4C08F","not_individually_verified"
"reference/funcs/setFactorBlockPtrs_vsdlss.c","setFactorBlockPtrs_vsdlss","009f33d0","8e","49","A1DFE20F466FD43030D3CE0058BA99369A7441C2923AF942D31B08B8F36FE9B3","not_individually_verified"
"reference/funcs/setFcInfoJrt_vsdlss.c","setFcInfoJrt_vsdlss","009f6270","54","27","1D62DFF937FBDCCD50B27F02598EC1E64B829678DD5F38414EC184A7BA545C12","not_individually_verified"
"reference/funcs/setFcInfoPtrs_vsdlss.c","setFcInfoPtrs_vsdlss","00a12970","1b","19","0F475AE300EF7A5D14FC5AF9BFDB9813FA46E9D538B4BFBDA3BEDA9020CB712A","not_individually_verified"
"reference/funcs/setFcInfoPtrsToNull_vsdlss.c","setFcInfoPtrsToNull_vsdlss","00a12990","2b","18","74915DA305CAB3E4A6DB032F84CDCCA84D8C0D4575C86DA9A0902E397853C414","not_individually_verified"
"reference/funcs/setFcReorderIdentityFToTrueForVsdlss.c","setFcReorderIdentityFToTrueForVsdlss","00a12920","b","15","9FEA9BAB9A8F7FB4BAC3C24115CF1DC6C892B8CC662A33A91FC5146A5048B845","not_individually_verified"
"reference/funcs/setFileName_vsdlss.c","setFileName_vsdlss","009f35f0","4b","18","17F76290C769F5ADA2D3FB3E0F5EAC64FB151DD3A8C0A10EFBD4ED3C03385C7A","not_individually_verified"
"reference/funcs/setFileNameUnsafe_vsdlss.c","setFileNameUnsafe_vsdlss","009f35d0","13","15","A02A44DF44FC7887EC403F1D47EFDB466751F3AB60A9A4612BC51D7A7753CB8E","not_individually_verified"
"reference/funcs/setFormat_vsdlss.c","setFormat_vsdlss","009f3660","e","15","B7EE84F6B050B23E960BEF3FEC6834C52C9C377EDABD91132562EC8C5E4112F4","not_individually_verified"
"reference/funcs/setMldControlParms_vsdlss.c","setMldControlParms_vsdlss","009fbdd0","5c2","400","60D40CF7B7DF8ABAE368AE5873B1CDD1D78269D9B9B8FC6CB23A5CB1497C683C","not_individually_verified"
"reference/funcs/setMLDGraphToNull_vsdlss.c","setMLDGraphToNull_vsdlss","00a02db0","54","26","37E3E7D7D73BED2135DB3F0DA0DF7FCD0B30FC569F525FFFEA3385F57A221BF7","not_individually_verified"
"reference/funcs/setOrderSelector_vsdlss.c","setOrderSelector_vsdlss","009e79a0","7","15","2BD79AEEA195116EDC9E333F769C486809BD5156E339C3D601C3D3FDE8891F7D","not_individually_verified"
"reference/funcs/setOutOfCore_vsdlss.c","setOutOfCore_vsdlss","009e7a30","7","15","7B27673F2B05C96F0818B51D637A39780C9CAB55DEF7AC7FE63318588A66E880","not_individually_verified"
"reference/funcs/setPf3Save_vsdlss.c","setPf3Save_vsdlss","00a0f810","8","15","01B26FD81A4B0E2B2B5D9B7013FDDA03B97EE64BBD1A161573A7E6503C59DB61","not_individually_verified"
"reference/funcs/setPfAndFcInfoPtrs_vsdlss.c","setPfAndFcInfoPtrs_vsdlss","009f6700","c1","33","605272A6ACD1E2D12204F2A3299D8015285F40A9699AD6078736957B4598EF78","not_individually_verified"
"reference/funcs/setPfInfoJrt_vsdlss.c","setPfInfoJrt_vsdlss","009f6210","56","27","9971567CC9A337CE64FDDEF20411B321A50ADC4003D507DBB32318C7F6AE7CE9","not_individually_verified"
"reference/funcs/setPfInfoPtrs_vsdlss.c","setPfInfoPtrs_vsdlss","00a0f870","1c","19","1D17EB491480B2E51B3C8C8F489FF344662C9D785764CBAF29A7BA6CEC5595F4","not_individually_verified"
"reference/funcs/setPfInfoPtrsToNull_vsdlss.c","setPfInfoPtrsToNull_vsdlss","00a0f890","2c","18","A1C335DBADC53ABF0D2079B3C0AD3A0427F6CAD3BA30F24C1B008DD39547AB4D","not_individually_verified"
"reference/funcs/setPfReorderVecSave_vsdlss.c","setPfReorderVecSave_vsdlss","00a0f7d0","8","15","807DB4092C711E38E6CAC4577BD164A2E657345DB394B073EB9C90CF3220B231","not_individually_verified"
"reference/funcs/setPfSave_vsdlss.c","setPfSave_vsdlss","00a0f7f0","8","15","63B04C558A240EF44DC04C47721B215B9B8CCB3DEED0F34CF8E15CFB9A87B601","not_individually_verified"
"reference/funcs/setPfTag_vsdlss.c","setPfTag_vsdlss","00a0f7b0","7","15","218128A710FBF19321D1FA27D0260623496CD3D61DC054CDC831F36BCA7AF910","not_individually_verified"
"reference/funcs/setPqiToNullPqi_vsdlss.c","setPqiToNullPqi_vsdlss","00a0cb50","2e","21","7341B99EF38C0D9947FA5901E28545ECE28C1A257548A60DF8F5E5EB4DFCAEEF","not_individually_verified"
"reference/funcs/setQToNull_vsdlss.c","setQToNull_vsdlss","00a0d660","17","18","01741E4309423696F835DADEA550C93F23FA234804BC5580560932CC82CB860B","not_individually_verified"
"reference/funcs/setReduceProblemSizeF_vsdlss.c","setReduceProblemSizeF_vsdlss","00a12800","19","24","D72C517E5A30A2874914AD781BC7CD3F1FCBE17FAE017D998B285219B1FAA369","not_individually_verified"
"reference/funcs/setSemiPermF_vsdlss.c","setSemiPermF_vsdlss","009fb900","f","15","19BABFEA7FB62A78E96B8C7CB3063E043BA4FBD7B57A3BA43A004C0CDA75AF20","not_individually_verified"
"reference/funcs/setSolveInMem_vsdlss.c","setSolveInMem_vsdlss","009e7b40","7","15","72F5EB9D95A1BA74A26E8E06D15691F42D5A479FBE1C967EFCDBD9535A033660","not_individually_verified"
"reference/funcs/setup_vsdlss_.c","setup_vsdlss_","005fdce0","181","70","18C30555A1872114D750BFB75A51118D38ED07312244579D197FE9D1B6BE4005","not_individually_verified"
"reference/funcs/setupPtrsFromVsdlss.c","setupPtrsFromVsdlss","00a34fa0","3f","17","5B8227BF86AAD7778C18FB3E301BB745F3D5A9D58BF8CD2BFE4C1E51EC815CAC","not_individually_verified"
"reference/funcs/snipAndReturnCEdgelistElem_vsdlss.c","snipAndReturnCEdgelistElem_vsdlss","009e21c0","1f","22","398DC8F88AE3342E327F7FA4012F092161B1C920A51E8737266A5A255620F9B4","not_individually_verified"
"reference/funcs/snipDispCEdgelistElem_vsdlss.c","snipDispCEdgelistElem_vsdlss","009e21f0","3d","27","74EAEB63AAC5EBF3F83FFCE9C32C7FCB7FD7319E3121BB6852C979B0CEDA9170","not_individually_verified"
"reference/funcs/snipDispCharPtrListElem_vsdlss.c","snipDispCharPtrListElem_vsdlss","009dd430","3d","27","F15CD5A223B9FC5A4E52AEEA43B66D1719DFAF71A68863F55567780F571020EA","not_individually_verified"
"reference/funcs/solveLoadCase_vsdlss.c","solveLoadCase_vsdlss","00a195d0","1d5","120","364C32D64E17A559DF89A3263F9D570F4FD51A7E9DF940040C163330B2DF9B19","not_individually_verified"
"reference/funcs/solveLoadCaseBlocked_vsdlss.c","solveLoadCaseBlocked_vsdlss","00a1a240","bd","37","191D275D2CE06FCBEC03EA9D872524F8F40CD5672B2B5BF647F64B07CCEB4CFE","not_individually_verified"
"reference/funcs/solveLowerTriangForPartFact_vsdlss.c","solveLowerTriangForPartFact_vsdlss","00a194c0","ff","80","4E771F7E1BC114E2D85E5389413E3A5EAC2992FE0BACDD93B83FCD858450BCB9","not_individually_verified"
"reference/funcs/solveLowerTriangPartFact_vsdlss.c","solveLowerTriangPartFact_vsdlss","00a084c0","256","117","72682B683BE5B6DB28C8B72D15C66CF18C4C9D3D22E955F45D72E58E61B9741D","not_individually_verified"
"reference/funcs/solverVsdlss.c","solverVsdlss","009d7620","1ef","102","2AB13D05908842CBC9C3019FB18089D88E6706614E5D5F7685BFE9EEA27B0FD2","not_individually_verified"
"reference/funcs/solveUpperTriangPartFact_vsdlss.c","solveUpperTriangPartFact_vsdlss","00a08720","28c","122","863A67D20936930FEA338631FB17688237F832BA6B6EE2C4FDDE3A9E4B2341E4","not_individually_verified"
"reference/funcs/solveWithDeg1Deg2PfLower_vsdlss.c","solveWithDeg1Deg2PfLower_vsdlss","00a0ae60","136","79","E6EEB5B17F4A53341744689ABB6CA704C0A64B320C8EE0D0382B78564DF2D5EA","not_individually_verified"
"reference/funcs/solveWithDeg1Deg2PfUpper_vsdlss.c","solveWithDeg1Deg2PfUpper_vsdlss","00a0b650","157","84","9B57D18055ED072E04B2F3B2844624AEA26B9D6D5D3321944FC06C4230C4002D","not_individually_verified"
"reference/funcs/solveWithDeg3PfLower_vsdlss.c","solveWithDeg3PfLower_vsdlss","00a0b0d0","db","66","6FD85277C80A4545964608470703F29586B87529643D2CC0D1CE5B89E0E67972","not_individually_verified"
"reference/funcs/solveWithDeg3PfUpper_vsdlss.c","solveWithDeg3PfUpper_vsdlss","00a0b450","f2","75","A3ABB81B879551D2EE1AC3A0BCD1E4B49EABBC173E09AFCD996CB47709958CCE","not_individually_verified"
"reference/funcs/sortOnDigit_vsdlss.c","sortOnDigit_vsdlss","009e68a0","15a","67","FE6EFA7C4D4B33E77F326151712EFE9359FA4FB9DE3C966E732D1AC464F62700","not_individually_verified"
"reference/funcs/splitIndistNodeSetAt_vsdlss.c","splitIndistNodeSetAt_vsdlss","00a21d90","f5","49","2B00A26B19AC4387A86C67F51982E890DE93CFE15AC7C599C05AB493EF627167","not_individually_verified"
"reference/funcs/splitMatFileMain_vsdlss.c","splitMatFileMain_vsdlss","009d25b0","19d","52","B1B1E5D707C808FBB75824506140AAEE6FEE6E795462E2647AD5602A5FD20374","not_individually_verified"
"reference/funcs/sqrtDVector_vsdlss.c","sqrtDVector_vsdlss","009d8cb0","56","28","2D8B7F69B3E3280F7586373E911C941700E5A8720F6F586F448AA968091BFD8A","not_individually_verified"
"reference/funcs/sqrtFVector_vsdlss.c","sqrtFVector_vsdlss","009d8c50","56","28","09713AFF1E459A076DB2B8ACCFDF419DCDE3832EDBAC7540802F0BA5441E487A","not_individually_verified"
"reference/funcs/sub1RowContribFromIndRange_vsdlss.c","sub1RowContribFromIndRange_vsdlss","009efad0","248","113","DD8B49081C2ACA3DB66B3AEC85825A247A3D6FFBD37722995F4FDE96842B28D8","not_individually_verified"
"reference/funcs/sub1RowContribFromRest_vsdlss.c","sub1RowContribFromRest_vsdlss","00a173c0","218","105","9ADAA27327C953AC36F2AEEEEDA30E578A546F247D7FB2DC82423641A1922807","not_individually_verified"
"reference/funcs/sub1RowContribFromRowRange_vsdlss.c","sub1RowContribFromRowRange_vsdlss","009ef830","274","114","35CB0744173CB6C5DFE600295C6A55924261660D8909CC99973FAA9AD9291631","not_individually_verified"
"reference/funcs/sub2RowContribFromIndRange_vsdlss.c","sub2RowContribFromIndRange_vsdlss","009f0150","2c6","126","FCE3E988B6DCB2BC8286814BD58AB0567B3D2567C21425B7FD37143B970C95F7","not_individually_verified"
"reference/funcs/sub2RowContribFromRest_vsdlss.c","sub2RowContribFromRest_vsdlss","00a175f0","35e","132","A89A8DD98A7254E433E20CCAE2351DE5DE23F5B2DC12C3F9618FA3B56385B776","not_individually_verified"
"reference/funcs/sub2RowContribFromRowRange_vsdlss.c","sub2RowContribFromRowRange_vsdlss","009efd30","400","140","50F9257909CEE365DCE449C68E118540E4A12F638468C2FE8DDDE1CCC1BC6B66","not_individually_verified"
"reference/funcs/sub3RowContribFromIndRange_vsdlss.c","sub3RowContribFromIndRange_vsdlss","009f0a00","32c","136","01F932375CAA117771F516F20577CB037D505643FDDAEE8EECEA3193E3E41776","not_individually_verified"
"reference/funcs/sub3RowContribFromRest_vsdlss.c","sub3RowContribFromRest_vsdlss","00a17970","54c","162","73D72CAC333FB217121C4D6237DD5A13F2DFBA4573CF118909A04858013198BB","not_individually_verified"
"reference/funcs/sub3RowContribFromRowRange_vsdlss.c","sub3RowContribFromRowRange_vsdlss","009f0430","5bb","168","DD61E11979A29B3E9FD50902A642E977477315738948A08C104597738911DDF1","not_individually_verified"
"reference/funcs/subBlockContribFromRowRange_1_vsdlss.c","subBlockContribFromRowRange_1_vsdlss","009ed9e0","6f5","228","409FD149D134D8D82D2085C1B048FAC8CF23A6EAFF78E539FCB1A3AA4ACFC537","not_individually_verified"
"reference/funcs/subBlockContribFromRowRange_vsdlss.c","subBlockContribFromRowRange_vsdlss","009ee170","166","57","9F00F03C24AFA9A0A2D40F3CC74432E0F2C126DADFA9A0202BF60ED79607937B","not_individually_verified"
"reference/funcs/subBlockContribFromRowRangeOld_vsdlss.c","subBlockContribFromRowRangeOld_vsdlss","009ed220","7ad","264","724E3039014338BBD3EC55B337FCA087AC42C7FA06986D897D01C6808D66FCB9","not_individually_verified"
"reference/funcs/subVectors_vsdlss.c","subVectors_vsdlss","009d7d10","2a","24","A825FB31C060303153D9B788AFDA986E38591F89C3F4BCEA512875B86C1A3460","not_individually_verified"
"reference/funcs/sumIVectorElems_vsdlss.c","sumIVectorElems_vsdlss","009d9360","21","26","85AA707F69F92FF60497239BFE650D01416D21E6F2CED7BFEFFB84FC8B520806","not_individually_verified"
"reference/funcs/symbolicElimination_vsdlss.c","symbolicElimination_vsdlss","00a2d1a0","249","87","8FE5E5E3A9DEEE31788093313F55662CC6354B7C8F644A558A0940A034331567","not_individually_verified"
"reference/funcs/tagNewCVector_vsdlss.c","tagNewCVector_vsdlss","009d8680","3a","25","1B65096FD7CB0E9AB94F014832CF2618903F86214EE6478185EEE57CD52C8909","not_individually_verified"
"reference/funcs/tagNewDeg1Deg2Pf_vsdlss.c","tagNewDeg1Deg2Pf_vsdlss","009e34e0","37","20","3E74EA1145DEC2FD51D26EBAA85CB44493D8BBC7189560129D72A626228E3B28","not_individually_verified"
"reference/funcs/tagNewDeg1Deg2PfNoDiagVec_vsdlss.c","tagNewDeg1Deg2PfNoDiagVec_vsdlss","009e3400","aa","43","AD1A8D24534F4827197DDB0B5E2C61EFA44D8657A71630FF03C4F5483519603E","not_individually_verified"
"reference/funcs/tagNewDeg3Pf_vsdlss.c","tagNewDeg3Pf_vsdlss","009e3660","fd","44","53F8D81C8CEEE814FFD1892FB08BC95F68263026B8650C1FD518EEA40CB77A7E","not_individually_verified"
"reference/funcs/tagNewDeg3PfNoDiagVec_vsdlss.c","tagNewDeg3PfNoDiagVec_vsdlss","009e3760","e7","42","CC10F167D7C533D92416EB79B0F2247064C84092E04E0C14FD23D93F4260BBE9","not_individually_verified"
"reference/funcs/tagNewDPVector_vsdlss.c","tagNewDPVector_vsdlss","009d88a0","42","25","CCC8BC10ED0A5A2A7039B1C2E39F3B6BC393BE1436CD1A1E2F4EDB1F9F91D80F","not_individually_verified"
"reference/funcs/tagNewDVector_vsdlss.c","tagNewDVector_vsdlss","009d88f0","4d","25","EC11E6C796162D7008F23D3CC15EEF0B4648770294EE5F13F5F14F228AB5E813","not_individually_verified"
"reference/funcs/tagNewFPVector_vsdlss.c","tagNewFPVector_vsdlss","009d8850","42","25","93BB4047859A7335A52968D347D7332D07766077B03B8E97CF008B069BCA005E","not_individually_verified"
"reference/funcs/tagNewFVector_vsdlss.c","tagNewFVector_vsdlss","009d87b0","4d","25","2D174B447CFAC0E95F5DF5696ABEE6391E4FA3F7F227E2197E5B2441C4DBFB69","not_individually_verified"
"reference/funcs/tagNewIndValVecs_vsdlss.c","tagNewIndValVecs_vsdlss","00a08290","43","22","3BB178EA241A1562992716C7CA8F3F87B6EF280D16CD3B91097E0A334E5374CB","not_individually_verified"
"reference/funcs/tagNewIPVector_vsdlss.c","tagNewIPVector_vsdlss","009d8800","42","25","3C86A8C57E1F0296777737F24C820BA74F01C86AA7E6E81B281A32A25C42FB05","not_individually_verified"
"reference/funcs/tagNewIVector_vsdlss.c","tagNewIVector_vsdlss","009d86c0","41","25","F54E2F6B9C9EE771E512E1366D99CC2FE0B05209192ACB1DBEAA65D75C9A0CC9","not_individually_verified"
"reference/funcs/tagNewIVVWithPtrs_vsdlss.c","tagNewIVVWithPtrs_vsdlss","00a08210","24","19","F86693CD7260C4DA39C4FD07544D5FD0674A173AE1340620312A34E57568D53A","not_individually_verified"
"reference/funcs/tagNewMLDGraph_vsdlss.c","tagNewMLDGraph_vsdlss","009fc700","a0","42","C8169BCC0DF8F79FA217574600A9B5B762946C2E0703024F1970B8F48D7E79A8","not_individually_verified"
"reference/funcs/tagNewMLDGraphHeaderOnly_vsdlss.c","tagNewMLDGraphHeaderOnly_vsdlss","009fc860","66","29","AD4F830EE60D5C00BD5C2C4BDBC924220C3B7A6B91CB211BA6B38C076D55FA14","not_individually_verified"
"reference/funcs/tagNewMLDGraphNoEdges_vsdlss.c","tagNewMLDGraphNoEdges_vsdlss","009fc7a0","b9","37","79F85E01ED6E7C4D35A56C396C67A2B17BFD61DE13B9A72F35BE6854DD2D1526","not_individually_verified"
"reference/funcs/tagNewOneFactorChunkHeader_vsdlss.c","tagNewOneFactorChunkHeader_vsdlss","009f3460","87","35","882B66D579FDB63940B57DBACF54972F87EB00D719C46A8B6BB53FF5C0D6AE46","not_individually_verified"
"reference/funcs/tagNewUNSIGNEDINTVector_vsdlss.c","tagNewUNSIGNEDINTVector_vsdlss","009d8760","41","25","7366FCB1C25EC02DA30606E4AF66328FEF473D310FEC703B2EC66820FEBCCBA4","not_individually_verified"
"reference/funcs/tagRead_DEG123REORDERVEC_vsdlss.c","tagRead_DEG123REORDERVEC_vsdlss","00a0e420","36","20","380E778CF286E8AFB23BBFE218F5E5514D4F37673575F6D72BB4875D78C7B35E","not_individually_verified"
"reference/funcs/tagReadIVector_vsdlss.c","tagReadIVector_vsdlss","00a0df80","bc","29","6EF6F47737611124DD0CB6755934A4E75A37A2D6B8E06600EC6B255E048D52A8","not_individually_verified"
"reference/funcs/tagReadReorderVec_vsdlss.c","tagReadReorderVec_vsdlss","00a0e560","36","20","63FA942D12A958FD68A878955ACCCF20D3AEF5514CEB15B03B32B85A62FBA866","not_individually_verified"
"reference/funcs/top_vsdlss.c","top_vsdlss","00a2f780","10","17","A02219245BBF43C2329EBD205397B8D765FE4B706DC08F6C91DDAC0AD2ECBF44","not_individually_verified"
"reference/funcs/transferGraphToFactorChunkSort_vsdlss.c","transferGraphToFactorChunkSort_vsdlss","00a15b70","28f","125","9D8E4797E09D65C35AEFB6E601970669008852D004325090A16BE4837B579F51","not_individually_verified"
"reference/funcs/transferMLDGraphToFactorChunkSort_vsdlss.c","transferMLDGraphToFactorChunkSort_vsdlss","00a06420","278","123","4EE376262CEA0630B225E1F7941B2AAD4D2E187703FC6596845D9B30FB0CB477","not_individually_verified"
"reference/funcs/twoNorm_vsdlss.c","twoNorm_vsdlss","009d7dd0","4d","31","AAE73FFCDBC52A52AA6435FDF3F4588EBE90EA0D61D8BCFB19F6B77A4C4514BA","not_individually_verified"
"reference/funcs/unmarkCountingMark_vsdlss.c","unmarkCountingMark_vsdlss","00a1f180","21","20","F5D5EFD8A28E1B1A3498A50C22D190DB1D49CB7FA5840E80794B8CA45DFF871C","not_individually_verified"
"reference/funcs/unmarkListMark_vsdlss.c","unmarkListMark_vsdlss","009f6a10","43","33","C088797182A2E2842AE9C0CC8C341BC8C161AC230DA802B88B6B4CBD4EE213BD","not_individually_verified"
"reference/funcs/unmarkListMarkReturnList_vsdlss.c","unmarkListMarkReturnList_vsdlss","009f69d0","31","23","52199CCCCCEB272A3A8D81AB527ADC1E620038F1FD6E8AF81F00B55C98C54BBB","not_individually_verified"
"reference/funcs/updateLeadTriDestSupNode_vsdlss.c","updateLeadTriDestSupNode_vsdlss","009ec830","28","15","D4E105586ACED1BC1C3E4C0A51A3267D3F32A100FCB12A1D253C82141C15E5C1","not_individually_verified"
"reference/funcs/updatePq_vsdlss.c","updatePq_vsdlss","00a2c950","79","44","65D3F83D7CCBB261B6041C26CDD20A31069605F246575E943B0BF58640AAD1A8","not_individually_verified"
"reference/funcs/updatePqi_vsdlss.c","updatePqi_vsdlss","00a0ceb0","16f","114","655D2D6CAE6A02130A93B8A9C6D77B8342B951F1022F243293EC749C80DE4B34","not_individually_verified"
"reference/funcs/vsdlss.c","vsdlss","009dad10","1fb5","847","B9A2EBB0136D8C9C074CCFEC8F19DCE603A485A97D9CEF851FA41AD7EB41335A","not_individually_verified"
"reference/funcs/vsdlss1_vsdlss.c","vsdlss1_vsdlss","00a1b110","d21","306","D3FB588C8E9ED219DE01C44B228A59C55376D5CB2553EBE07E88FFA009DA28C1","not_individually_verified"
"reference/funcs/vsdlss1Mem_vsdlss.c","vsdlss1Mem_vsdlss","00a13000","18e9","633","2FB4DCB439C5B6A3C1C5D7B845111EEA737A70A40D07A5CF4AEFFE8C94CEDF1C","not_individually_verified"
"reference/funcs/write_DEG123REORDERVEC_vsdlss.c","write_DEG123REORDERVEC_vsdlss","00a0e320","b8","29","D3E2950DFA9857C8CAFF63E8489FE371A800E942911CB6EA6EAC97372A23A171","not_individually_verified"
"reference/funcs/write_DEG1DEG2PARTRES_vsdlss.c","write_DEG1DEG2PARTRES_vsdlss","00a0e240","32","19","B598EF30CF29E6DF91A351A7806B5807B85AABBCF6F1830A4D9A01768056013A","not_individually_verified"
"reference/funcs/write_DEG3PARTRES_vsdlss.c","write_DEG3PARTRES_vsdlss","00a0e2b0","32","19","A6C7B34269AB14877CAB9490DBED3011DEB87216651806D5224A7FE5D9B22B22","not_individually_verified"
"reference/funcs/writeBlockInfo_vsdlss.c","writeBlockInfo_vsdlss","00a0f0a0","39d","91","246E2E1F3A8EAAF54D926796169D2BD5B3FC0BBE397589ACB7AA71274E3DDD5B","not_individually_verified"
"reference/funcs/writeChunkInfo_vsdlss.c","writeChunkInfo_vsdlss","00a0e6a0","539","133","F46B965D10F5DD442279164891EE58736371B63F01C2732634B96F4CDD53A9F2","not_individually_verified"
"reference/funcs/writeChunkWrite_vsdlss.c","writeChunkWrite_vsdlss","009e2d70","133","43","E4693EA9059583716A9D5E5D6F9F2493B7D293782991968BF40F9D930B5D27F4","not_individually_verified"
"reference/funcs/writeDeg1Deg2Pf_vsdlss.c","writeDeg1Deg2Pf_vsdlss","009e3910","1c6","58","B21F53377024FA33F1F1BE7ECCBEF97F99D96D2C2414AF000BE4C0A9B4EB3A1E","not_individually_verified"
"reference/funcs/writeDeg3Pf_vsdlss.c","writeDeg3Pf_vsdlss","009e3ce0","4a4","110","6A15609EF2DC98EF209184245F79324DAE73E96FDC384806DA68B9E09C632E01","not_individually_verified"
"reference/funcs/writeDVector_vsdlss.c","writeDVector_vsdlss","00a0d960","9c","27","093259E33E5747FCD7EDFF96FA5517CFEB67E1B41E6F533342B5413885319BE0","not_individually_verified"
"reference/funcs/writeDVectorFNum_vsdlss.c","writeDVectorFNum_vsdlss","009d9760","55","23","5A5F48AC9CEEED863CA4B8268218D321294305221B091B757E0CA1606A8D3335","not_individually_verified"
"reference/funcs/writeDVectorToFnMain_vsdlss.c","writeDVectorToFnMain_vsdlss","009d2470","55","25","D99C19DEF88678C79B32EB411A5CBE0D95AD267E1572BC66635BA5E277694ADD","not_individually_verified"
"reference/funcs/writeFactorChunk_vsdlss.c","writeFactorChunk_vsdlss","009f26d0","3f8","114","13F56D209F2ADCADB360264F8AB22C611905C2056DBCB1CAC220E4B313272BDB","not_individually_verified"
"reference/funcs/writeFactorOneChunk_vsdlss.c","writeFactorOneChunk_vsdlss","00a14c20","877","263","F23CA5069C222B32ED376EDF78A431BFCCEE4D34D07AEF6D129809F8D0AD6DD1","not_individually_verified"
"reference/funcs/writeFromToOffDiag_vsdlss.c","writeFromToOffDiag_vsdlss","009f3d00","b","18","2AA914BC7AF1BCFC6834C2D290097971D344C1629644AAC5A5979EAA752C039D","not_individually_verified"
"reference/funcs/writeFVectorFNum_vsdlss.c","writeFVectorFNum_vsdlss","009d9700","55","23","219D88A35F523B848DF8D23DAA9651D5731FA25EABBD0227091373B0B2F79440","not_individually_verified"
"reference/funcs/writeGraph_vsdlss.c","writeGraph_vsdlss","009f4440","431","114","FF93AFE4E4A159C54B8928F3A5C7EBC61BA0A3C72ED9AE36880B1FFEF322FA30","not_individually_verified"
"reference/funcs/writeInitReorderVec_vsdlss.c","writeInitReorderVec_vsdlss","00a0e5a0","b8","29","50DECF9D7D951823995A6E24B98CED472092DFB20A0EB9C90DA8ED9FF4772301","not_individually_verified"
"reference/funcs/writeIns_vsdlss.c","writeIns_vsdlss","00a22240","180","53","8C550B9DAAD534CD9CBE8E2DCCA50DF5ECA7C3DE783B5383E30906EB30D5990A","not_individually_verified"
"reference/funcs/writeInvMapAsPerm_vsdlss.c","writeInvMapAsPerm_vsdlss","00a1a770","4a","23","343C809F996C889532BA4DF562A9FE6B9C7ED579FA1EED28C7E5953E75F65829","not_individually_verified"
"reference/funcs/writeIVectorFNum_vsdlss.c","writeIVectorFNum_vsdlss","009d96a0","55","23","EB5B6B75D8767005D1AFDD9F179FF1BEDFEA458CC6911020D1A32B51A8D537BE","not_individually_verified"
"reference/funcs/writeIVectorToFnMain_vsdlss.c","writeIVectorToFnMain_vsdlss","009d24d0","55","25","223A2943FEBAABD802B9C58CA8226CD1B9F233FE628558FA6550F8C11A9BB4AC","not_individually_verified"
"reference/funcs/writeMatVecsFile_vsdlss.c","writeMatVecsFile_vsdlss","009d3c20","79a","215","28E0C083790721BCC2386C98B224E1629FD0A1819A388B1074A9889EC0407566","not_individually_verified"
"reference/funcs/writeNewOffDiagVec_vsdlss.c","writeNewOffDiagVec_vsdlss","009d2a50","44d","149","7857073BAACACDE4B863322E64277FA73FAE5447B00FEA7160A4AFCCBB80CF40","not_individually_verified"
"reference/funcs/writeNodalVoltages_vsdlss.c","writeNodalVoltages_vsdlss","009d2750","2f1","117","2B641E7D4B50A757EE73C6A0133CAFFF21AD56F5546A308114940AFD888325D6","not_individually_verified"
"reference/funcs/writePartFactFromFc_vsdlss.c","writePartFactFromFc_vsdlss","00a1a7c0","192","65","9C649FF494675F66F485A4A560E996258ABCE7583DBC5AF8A75063371A237CE7","not_individually_verified"
"reference/funcs/writeReorderVec_vsdlss.c","writeReorderVec_vsdlss","00a0e460","b8","29","6718E4CD457CD95007DB79B26C59CC3865D86A89208190188DFE247878D9142F","not_individually_verified"
"reference/funcs/writeRhsVec_vsdlss.c","writeRhsVec_vsdlss","009d2ea0","d7","43","24F1E84BD59CB7C36F9F8D276BE90BD361602D0E8D002FADEAF7AF6691F5632C","not_individually_verified"
"reference/funcs/writeVecToFile_vsdlss.c","writeVecToFile_vsdlss","009f5f50","90","26","B75FB51403BF5A4DBA2A92461ADF597AB00C3C6C6401CE9C8FBE7CEF1519AFBA","not_individually_verified"
